Name,Price
Légende de Jahash Jurgen,162854290
Légende de Crocobur,62433068
Légende de Dame Jhessica,595570112
Légende de Servitude,49054713
Légende de Fallanster,29529233
Légende du Cul Botté,18286733
Jus de poisson pestilentiel,9968025
Légende de Brumaire,9525446
Légende animale de Poukachi,9457663
Jus de poisson méphitique,9018201
Sève de Tremble,8510620
Relique de Bébémoth,6113228
Légende de Ganymède,6087092
Légende animale de Bakushan<,4840006
Légende de Jahash Jurgen,162854290
Légende de Crocobur,. 62433068
Légende de Dame Jhessica,55570112
Légende de Servitude,49054713
Légende de Fallanster,29529233
Légende du Cul Botté,18286733
Jus de poisson pestilentiel,9968025
Légende de Brumaire,9525446
Légende animale de Poukachi,9457663
Jus de poisson méphitique,9018201
Sève de Tremble,8510620
Relique de Bébémoth,6113228
Légende de Ganymède,6087092
Légende animale de Bakushan<,4840006
Légende de Jahash Jurgen,162854290
Légende de Crocobur,62433068
Légende de Dame Jhessica,55570112
Légende de Servitude,49054713
Légende de Fallanster,29529233
Légende du Cul Botté,18286733
Jus de poisson pestilentiel,9968025
Légende de Brumaire,9525446
Légende animale de Poukachi,9457663
Jus de poisson méphitique,9018201
Sève de Tremble,8510620
Relique de Bébémoth,6113228
Légende de Ganymède,6087092
Légende animale de Bakushan:,4840006
| Légende de Jahash Jurgen,162854290
} Légende de Jahas … lot de 1,
Légende de Crocobur,62433068
Légende de Dame Jhessica,95570112
Légende de Servitude,49054713
Légende de Fallanster,29529233
Légende du Cul Botté,18286733
Jus de poisson pestilentiel,9968025
Légende de Brumaire,9525446
Légende animale de Poukachi,9457663
Jus de poisson méphitique,9018201
Sève de Trembie,8510620
Relique de Bébémoth,6113228
Légende de Ganymède,6087092
| Légende de Jahash Jurgen,162854290
} Légende de Jahas … lot de 1,
Légende de Crocobur,62433068
Légende de Dame Jhessica,95570112
Légende de Servitude,49054713
Légende de Fallanster,29529233
Légende du Cul Botté,18286733
Jus de poisson pestilentiel,9968025
Légende de Brumaire,9525446
Légende animale de Poukachi,9457663
Jus de poisson méphitique,9018201
Sève de Tremble,8510620
Relique de Bébémoth,6113228
Légende de Ganymède,6087092
| Légende de Jahash Jurgen,. 162854290
} Légende de Jahas … lot de 1,
Légende de Crocobur,62433068
Légende de Dame Jhessica,95570112
Légende de Servitude,49054713
Légende de Fallanster,29529233
Légende du Cul Botté,18286733
Jus de poisson pestilentiel,9968025
Légende de Brumaire,9525446
Légende animale de Poukachi,9457663
Jus de poisson méphitique,9018201
Sève de Tremble,8510620
Relique de Bébémoth,6113228
Légende de Ganymède,6087092
| Légende de Jahash Jurgen,162854290
Légende de Crocobur,62433068
Légende de Dame Jhessica,55570112
Légende de Servitude,49054713
Légende de Fallanster,29529233
Légende du Cul Botté,18286733
Jus de poisson pestilentiel,9968025
Légende de Brumaire,9525446
Légende animale de Poukachi,9457663
Jus de poisson méphitique,9018201
Sève de Tremble,8510620
Relique de Bébémoth,6113228
Légende de Ganymède,6087092
Légende animale de Bakushan<,4840006
Légende de Jahash Jurgen,162854290
Légende de Crocobur,62433068
Légende de Dame Jhessica,55570112
Légende de Servitude,49054713
Légende de Fallanster,29529233
Légende du Cul Botté,18286733
Jus de poisson pestilentiel,9968025
Légende de Brumaire,9525446
Légende animale de Poukachi,9457663
Jus de poisson méphitique,9018201
Sève de Tremble,8510620
Relique de Bébémoth,6113228
Légende de Ganymède,6087092
Légende animale de Bakushan<,4840006
Légende de Jahash Jurgen,162854290
Légende de Crocobur,62433068
Légende de Dame Jhessica,55570112
Légende de Servitude,49054713
Légende de Fallanster,29529233
Légende du Cul Botté,18286733
Jus de poisson pestilentiel,9968025
Légende de Brumaire,9525446
Légende animale de Poukachi,9457663
Jus de poisson méphitique,9018201
Sève de Tremble,8510620
Relique de Bébémoth,6113228
Légende de Ganymède,6087092
Légende animale de Bakushan<,4840006
Légende de Jahash Jurgen,162854290
Légende de Crocobur,62433068
Légende de Dame Jhessica,55570112
Légende de Servitude,49054713
Légende de Fallanster,29529233
Légende du Cul Botté,18286733
Jus de poisson pestilentiel,9968025
Légende de Brumaire,9525446
Légende animale de Poukachi,9457663
Jus de poisson méphitique,9018201
Sève de Tremble,8510620
Relique de Bébémoth,6113228
Légende de Ganymède,6087092
Légende animale de Bakushan<,4840006
Légende de Jahash Jurgen,162854290
Légende de Crocobur,62433068
Légende de Dame Jhessica,55570112
Légende de Servitude,49054713
Légende de Fallanster,29529233
Légende du Cul Botté,18286733
Jus de poisson pestilentiel,9968025
Légende de Brumaire,9525446
Légende animale de Poukachi,9457663
Jus de poisson méphitique,9018201
Sève de Tremble,8510620
Relique de Bébémoth,6113228
Légende de Ganymède,6087092
Légende animale de Bakushan<,4840006
Légende de Jahash Jurgen,162854290
Légende de Crocobur,62433068
Légende de Dame Jhessica,55570112
Légende de Servitude,49054713
Légende de Fallanster,29529233
Légende du Cul Botté,18286733
Jus de poisson pestilentiel,9968025
Légende de Brumaire,9525446
Légende animale de Poukachi,9457663
Jus de poisson méphitique,9018201
Sève de Tremble,8510620
Relique de Bébémoth,6113228
Légende de Ganymède,6087092
Légende animale de Bakushan<,4840006
Légende de Jahash Jurgen,162854290
Légende de Crocobur,62433068
Légende de Dame Jhessica,55570112
Légende de Servitude,49054713
Légende de Fallanster,29529233
Légende du Cul Botté,18286733
Jus de poisson pestilentiel,9968025
Légende de Brumaire,9525446
Légende animale de Poukachi,9457663
Jus de poisson méphitique,9018201
Sève de Tremble,8510620
Relique de Bébémoth,6113228
Légende de Ganymède,6087092
Légende animale de Bakushan<,4840006
Légende de Jahash Jurgen,162854290
Légende de Crocobur,62433068
Légende de Dame Jhessica,55570112
Légende de Servitude,49054713
Légende de Fallanster,29529233
Légende du Cul Botté,18286733
Jus de poisson pestilentiel,9968025
Légende de Brumaire,9525446
Légende animale de Poukachi,9457663
Jus de poisson méphitique,9018201
Sève de Tremble,8510620
Relique de Bébémoth,6113228
Légende de Ganymède,6087092
Légende animale de Bakushan<,4840006
Légende de Jahash Jurgen,162854290
Légende de Crocobur,62433068
Légende de Dame Jhessica,55570112
Légende de Servitude,49054713
Légende de Fallanster,29529233
Légende du Cul Botté,18286733
Jus de poisson pestilentiel,9968025
Légende de Brumaire,9525446
Légende animale de Poukachi,9457663
Jus de poisson méphitique,9018201
Sève de Tremble,8510620
Relique de Bébémoth,6113228
Légende de Ganymède,6087092
Légende animale de Bakushan<,4840006
Légende de Jahash Jurgen,162854290
Légende de Crocobur,62433068
Légende de Dame Jhessica,55570112
Légende de Servitude,49054713
Légende de Fallanster,29529233
Légende du Cul Botté,18286733
Jus de poisson pestilentiel,9968025
Légende de Brumaire,9525446
Légende animale de Poukachi,9457663
Jus de poisson méphitique,9018201
Sève de Tremble,8510620
Relique de Bébémoth,6113228
Légende de Ganymède,6087092
Légende animale de Bakushan<,4840006
Légende de Jahash Jurgen,162854290
Légende de Crocobur,62433068
Légende de Dame Jhessica,55570112
Légende de Servitude,49054713
Légende de Fallanster,29529233
Légende du Cul Botté,18286733
Jus de poisson pestilentiel,9968025
Légende de Brumaire,9525446
Légende animale de Poukachi,9457663
Jus de poisson méphitique,9018201
Sève de Tremble,8510620
Relique de Bébémoth,6113228
Légende de Ganymède,6087092
Légende animale de Bakushan<,4840006
Légende de Jahash Jurgen,162854290
Légende de Crocobur,62433068
Légende de Dame Jhessica,55570112
Légende de Servitude,49054713
Légende de Fallanster,29529233
Légende du Cul Botté,18286733
Jus de poisson pestilentiel,9968025
Légende de Brumaire,9525446
Légende animale de Poukachi,9457663
Jus de poisson méphitique,9018201
Sève de Tremble,8510620
Relique de Bébémoth,6113228
Légende de Ganymède,6087092
Légende animale de Bakushanc,4840006
Légende de Buhorado,4061954
Binocles du Grand Chronomi …,3790593
Œuf inerte,3387617
Cristal intemporel,3131664
Légende de Corruption,2893929
Légende de Rykke Errel,2819269
Étoile des Neiges,2741960
Frostiz soufflé,2669046
Légende de Dodge,2406588
Bouteille de Gein,2403899
Écaille dorée de Léviathon,2328123
Poisskaille Givré,2317219
Tablette Chocomancienne,2242892
Carte de Cania,2223232
Légende de Misère,2161832
Cheveu d'Atcham,2085800
Espadon Quichotte,2065296
Morue Barbue,1895824
Légende de Mille Lieues,1893986
Carte d'Atcham,1726848
Légende du Trompe-la-Mort,1700106
Nanogrine,1690516
Tanche Hantée,1614414
Carte de Gein,1487737
Cristal temporel,1424252
Tablette Croquante,1292745
Haïku des samouraïs : Nouve …,1028337
Peau du Grand Kongoku,1012410
Haïku du dragon : Renaissance,988894
Haïku des samouraïs : Hiver,975717
Essence de Vortex,916360
Légende de Guerre,837320
Pierre d'Eau,787658
Légende animale de Magicrabe,770075
Haïku du dragon : Passion,764383
Tablette de Totankama,722514
Pied de Voldelor,716606
Essence de Bethel Akarna,715400
Statuette de Snedon,708958
Copie de carte de Cania 3/3,695544
Haïku de Pandala : Feudala,692476
Épaulière Massive du K.O.,666676
Copie de carte de Cania 1/3,661701
Copie de carte de Cania 2/3,647599
Haïku des samouraïs : Été,642806
Sceau des fondateurs,615206
Cire de Cire Momore,613848
Légende de Brâm Barbe-Monde,610150
Accélérateur de propulsion,607118
Essence de Servitude,602066
Haïku du Wukin : Soir,595614
Pierre de Terre,990712
Pierre de Feu,977046
Masque cauchemardesque c …,962144
Haïku du Wukang : Chaleur,953310
Aile de Vortex,5928786
Copie de carte de Cania 1/3,661701
Copie de carte de Cania 2/3,647599
Haïku des samouraïs : Été,642806
Sceau des fondateurs,615206
Cire de Cire Momore,613848
Légende de Brâm Barbe-Monde,610150
Accélérateur de propulsion,607118
Essence de Servitude,602066
Haïku du Wukin : Soir,995614
Pierre de Terre,990712
Pierre de Feu,977046
Masque cauchemardesque c …,962144
Haïku du Wukang : Chaleur,953310
Aile de Vortex,528786
Pierre d'Air,906544
Haïku du Wukin : Sakoura,497874
Essence de la Larve de Koutc …,497808
Œuf d'Ali Grothor,486189
Jus de poisson asphyxiant,466529
Sporme de Dremoan,463433
Poils de Zatoiïshwan,461645
Haïku du Wukang : Sakoura,449481
Haïku du Wukang : Matin,448801
Haïku du dragon : Création,444188
Haïku de Pandala : Aerdala,441237
Parfum de Pantèroz,438436
Haïku des samouraïs : Printe …,437200
Essence du Chalœil,430356
Queue de Bethel Akarna,425026
Haïku du Wukang : Blanc,415422
Haïku de Pandala : Akwadala,412709
Scalp d'Anatak,412199
Légende animale de Kwakar: …,410301
Haïku du Wukang : Tonnerre,409447
Essence du Comte Harebourg,406297
Potion de Sésanaboblisant,389360
Haïku du Wukin : Froid,387848
Daurade Royale,387132
Essence de Solar,377484
Culotte à l'envers du Roissingut,370988
Haïku de Pandala : Grobe,357270
Trousseau de clefs de Ben le,356710
Haïku de Pandala : Terrdala,336303
Haïku du dragon : Résolution,335399
Haïku du Wukin : Noir,328608
Haïku de Pandala : Plantala,325145
Élixir de Brumen,322551
Volant hydraulique,316416
Haïku du Wukin : Épouvantail,314552
Implants Rustiques,299999
Tablette Waddict,290897
Haïku du dragon : Destruction,288781
Cristal inhibiteur,285218
Carte de Kongoku,279069
Prysmaradite Zinzolin,278812
Essence du Protozorreur,273645
Haïku de Pandala : Terrdala,336303
Haïku du dragon : Résolution,335399
Haïku du Wukin : Noir,328608
Haïku de Pandala : Plantala,325145
Élixir de Brumen,322551
Volant hydraulique,316416
Haïku du Wukin : Épouvantail,314552
Implants Rustiques,299999
Tablette Waddict,290897
Haïku du dragon : Destruction,288781
Cristal inhibiteur,285218
Carte de Kongoku,279069
Prysmaradite Zinzolin,278812
Essence du Protozorreur,273645
Sceptre brisé de Kabahal,267835
Carte du Guerrier du K.0.,266720
Essence de Misère,265622
Carte de Brumen,256737
Haïku de Pandala : Taverne it,251772
Essence du Roi Imagami,250000
Carte de Fouduglen,248846
Attrape-peur,241491
Substrat de Sylve,239740
Cristal pacificateur,238956
Carte de Voldelor,234002
Essence de Torkélonia,230574
Lest anti-tourbillon,224393
Fragment de carte d'Atcham …,222180
Carte d'Ali Grothor,220670
Carte de Frakacia,210918
Fragment d'Écaille de Courage,207322
Coupon du lecteur 1/3,201465
Fragment d'Écaille d'Endurance,190146
Essence de la Reine Amirukam,188011
Dé du Chalœil,187128
Fragment de carte de Gein 8/8,186911
Essence de Belladone,186753
Essence de Guerre,185589
Œil de la Gardienne des Égouts,185102
Haïku des deux Royaumes : F.…,183520
Fragment de carte de Gein 6/8,180126
Fragment de carte de Gein 3/8,179379
Fragment de carte de Gein 4/8,176218
Morceau de tablette de Totar …,175190
Fragment de carte d'Atcham …,174787
Fragment d'Écaille de Férocité,174295
Morceau de tablette de Totar …,173164
Carte d'Anatak,172607
Cervelle de Solar,172375
Fragment de carte d'Atcham …,168817
Fragment de carte de Gein 7/8,168617
Essence d'llyzaelle,167693
Fragment de carte de Gein 1/8,167174
Fragment de carte d'Atcham …,166946
Alliage ivre,164921
Morceau de tablette de Totar …,164704
Morceau de tablette de Totar …,164092
Fragment de carte de Gein 2/8,162910
Fragment de carte d'Atcham 1/1,162532
Glotte,161743
Carte de Pantèroz,161423
Fragment de carte d'Atcham …,160150
Morceau de tablette de Totar …,160066
Essence de Meno,154998
Sève d'Orme,153265
Essence du Bworker,153195
Batterie rechargeable de l'Hy …,151689
Anguille Souroche,150274
Fragment de carte d'Atcham …,148687
Fragment de carte d'Atcham …,148362
Morceau de tablette de Totar …,164092
Fragment de carte de Gein 2/8,162910
Fragment de carte d'Atcham 1/1,162532
Glotte,161743
Carte de Pantèroz,161423
Fragment de carte d'Atcham …,160150
Morceau de tablette de Totar …,160066
Essence de Meno,154998
Sève d'Orme,153265
Essence du Bworker,153195
Batterie rechargeable de l'Hy …,151689
Anguille Souroche,150274
Fragment de carte d'Atcham …,148687
Fragment de carte d'Atcham …,148362
Essence de Corruption,146763
Essence de Missiz Frizz,144202
Carte de Zatoishwan,143120
Fiole de gaz draconique,142980
Fragment de carte de Gein 5/8,139717
Patron du Nowel Cauchemar: …,138492
Clef de la Bataille de l'Aurore …,136121
Scapula du Comte Harebourg,133890
Peau de Skeunk,133454
Cuir Onique,131464
Fragment de carte de Fouduc …,131445
Haïku des deux Royaumes : £ …,131171
Essence de Klime,128131
Pointes de Knout,126978
Essence de Tal Kasha,126529
Haïku des samouraïs : Automne,124781
Patron Hirsute,119905
Fragment de carte de Fouduc …,119748
Grattoir à dos inachevé,119154
Haïku des deux Royaumes : À …,114143
Teinture Magique Ténébreuse,112878
Essence de Sylargh,111698
Patron du Père Fwetar,111542
Carte de Dremoan,108943
Haïku des deux Royaumes : F …,108444
Prysmaradite Cramoisie,106021
Cœur Gelé,103991
Essence de Dazak Martegel,102625
Galet brasillant,102464
Carte de l'Hyperscampe,102370
Coffre de Pièges à Chasseur,102090
Carpette des sables,101902
| Crinière de Qilin,101661
Breuvage Musculaire,100813
Verrou de Servitude,99222
Planche de Salut,97719
Essence de la Reine des Vole …,97623
Clef du Donjon du Comte Ha …,94826
Viscères de Tanuki,94751
Manche de Knout,93843
Apostrophe de Fugokam,92606
Plume de l'Aziz,92138
Galet brasillant,102464
Carte de l'Hyperscampe,102370
Coffre de Pièges à Chasseur,102090
Carpette des sables,101902
Crinière de Qilin,101661
Breuvage Musculaire,100813
Verrou de Servitude,99222
Planche de Salut,97719
Essence de la Reine des Vole …,97623
Clef du Donjon du Comte Hai …,94826
Viscères de Tanuki,94751
Manche de Knout,93843
Apostrophe de Fugokam,92606
Plume de l'Aziz,92138
Extrémité du Grattoir,88805
Essence de Nileza,88048
Écaille de Torkélonia,87882
Fragment de carte de Frakac …,87845
Formule de Breuvage Muscu …,87496
Fragment de carte de Brume …,86711
Clef du Laboratoire de Nileza,86188
Haïku des deux Royaumes : F …,85622
Essence de Dantinéa,85591
Clef de l'Œil de Vortex,85242
Scie à glace,83706
Orange amère,83143
Aile de Larve de Koutoulou,82349
Essence du Kimbo,82289
Clef du Transporteur de Sylargt,80730
Clef du Trône de la Cour Son …,80507
Fragment de carte de Brume …,79796
Lanières de knout,77913
Fragment de carte de Brume …,77480
Manche du Grattoir,76858
Pièces de module,76165
Cœur de Cire Momore,75466
Jus de poisson abominable,74524
Culotte de Missiz Frizz,73729
Clef du Ventre de la Baleine,73709
Diacritique du Roi Imagami,71-926
Clef des Salons privés de Klime,69863
Clef du Sanctuaire de Torkél …,69397
Chanvre Euphorique,68126
Ongle du Bworker,67993
Deuxième Fragment d'Eau,67902
Kralamoure Unique,67589
Clef de la Chambre des malé …,66686
Clef du Palais du roi Nidas,66356
Scalp de Klime,66234
Essence du Tengu Givrefoux,65426
Fragment de carte du Guerrie …,65259
Essence d'Ougah,64889
Quatrième Fragment de Terre,64009
Braguette de Nileza,63974
Clef de la Tour de Bethel,63502
Noyau de Protozorreur,61248
Chanvre Euphorique,68126
Ongle du Bworker,67993
Deuxième Fragment d'Eau,67902
Kralamoure Unique,67589
Clef de la Chambre des malé …,66686
Clef du Palais du roi Nidas,66356
Scalp de Klime,66234
Essence du Tengu Givrefoux,65426
Fragment de carte du Guerrie …,65259
Essence d'Ougah,64889
Quatrième Fragment de Terre,64009
Braguette de Nileza,63974
Clef de la Tour de Bethel,63502
Noyau de Protozorreur,61248
Deuxième Fragment de Terre,60089
Seau de Pinces à Linge,59991
Premier Fragment de Feu,59965
Bidoche Goûtue,59288
Quatrième Fragment d'Air,59-123
Premier Fragment de Terre,58971
Deuxième Fragment d'Air,58242
Culotte de Frakacia,58091
Corne de Volkorne,57937
Fragment de carte de Frakac …,57535
Essence de Merkator,57481
Essence de Fuji Givrefoux,57300
Clef de la Forgefroide de Mis …,57200
Fleur de Korriandre,57061
Diacritique de la Reine Amiru …,56750
Jus d'Écumouth pressé,55961
Pelote d'Ecaflip,54045
Galet rayonnant,53681
Fragment de carte de Frakac …,53602
Essence du Kolosso,53582
Essence du Rasboul Majeur,53320
Greuvette Horreur,53100
Deuxième Fragment de Feu,52707
Clef du caveau du Roi Léorictus,52580
Essence du Roi Nidas,52366
Troisième Fragment d'Air,51773
Fleur de Cendrepierre,51470
Premier Fragment d'Air,51276
Clef du Souvenir d'Imagiro,50818
Quatrième Fragment de Feu,50660
Premier Fragment d'Eau,50574
Troisième Fragment de Terre,50474
Sac de tailleur frigostien,50000
Sève d'Abraknyde Retravaillée,49999
Substrat Astral,49702
Os à Moil,49105
Essence du Tynril,48992
Clef du Trône de Sang,48949
Racine cristalline,48612
Pichon Eud'Compet,48282
Clef de la Tour de Solar,47954
Clef du Défi du Chalœil,47866
Cœur de Bworkcelhaine,47458
Troisième Fragment d'Eau,47318
Essence d'Anerice la Shushess,46568
Essence du Père Ver,45827
Essence de Ush,45746
Clef du Manoir des Katrepat,44996
Racine de synthèse,44972
Galet Solaire,44915
Ardonite,44806
Étoffe de Kolosso,44629
Troisième Fragment de Feu,44531
Rouge à lèvres de Belladone,44523
Essence du Korriandre,44365
Clef de la Cave du Toxoliath,44235
Cœur de Bworkcelhaine,47458
Troisième Fragment d'Eau,47318
Essence d'Anerice la Shushess,46568
Essence du Père Ver,45827
Essence de Ush,45746
Clef du Manoir des Katrepat,44996
Racine de synthèse,44972
Galet Solaire,44915
Ardonite,44806
Étoffe de Kolosso,44629
Troisième Fragment de Feu,44531
Rouge à lèvres de Belladone,44523
Essence du Korriandre,44365
Clef de la Cave du Toxoliath,44235
Clef des cavernes du Kolosso,43765
Masque de protection,43515
Quatrième Fragment d'Eau,43345
Plume de Misère,43238
Clef de la Mémoire d'Orukam,43075
Essence de l'Obsidiantre,42211
Fragment de carte d'Ali Grott …,42092
Clef du Temple Maudit,41743
Essence du Minotot,41654
Œil de verre,41576
Vertèbre d'Obsidiantre,41544
Clef du Rituel de Kabahal,41432
Gants de protection,41090
Clef de la Chambre de Tal Ka …,41000
Clef du Vaisseau du Capitain …,40977
Essence du Shogun Tofugawa,39633
Teinture Orange Sanguine,39505
Pixel de Fraktale,39351
| Pierre de Sélénite,39069
Fermeture éclair,38947
Jeton du Chazino du Grand Jeu,37625
Condyle de Fuji Givrefoux,37104
Mycoses gelées,37032
Clef de la Brasserie du roi Da …,36954
Trèfle Agare,36628
Clef du Palais de Dantinéa,36395
Poche de magma de Grasmera,36158
Clef du Belvédère d'Ilyzaelle,36089
Clef du Vaisseau du Capitain …,40977
Essence du Shogun Tofugawa,39633
Teinture Orange Sanguine,39505
Pixel de Fraktale,39351
Pierre de Sélénite,39069
Fermeture éclair,38947
Jeton du Chazino du Grand Jeu,37625
Condyle de Fuji Givrefoux,37104
Mycoses gelées,37032
Clef de la Brasserie du roi Da …,36954
Trèfle Agare,36628
Clef du Palais de Dantinéa,36395
Poche de magma de Grasmera,36158
Clef du Belvédère d'Ilyzaelle,36089
Bidoche Maigre,35824
Tissu de Rapiéçage,35343
Clef de l'Antre du Korriandre,35160
Cuir synthétique,35142
Plaque d'acier,34920
Épaulière de Dazak Martegel,34577
Essence du Glourséleste,34166
Essence de Fraktale,33732
Pic de Ravageur,33703
Clef de l'Arbre de Mort,33651
Fragment de carte du Guerrie …,33525
Grizite,33276
Chaton-Perche,33000
Essence du Chêne Mou,32911
Incisive de Sylargh,32673
Clef des Fers de la Tyrannie,32546
Pétale de Papier,32350
Andésite,32285
Sphénoïde du Kimbo,32265
Essence de Grolloum,32121
Fragment de carte d'Ali Grott …,32050
Hamatum de Glourséleste,32032
Clef de la Sentence de la Bak …,31160
Clef du Temple du dieu Kao,30488
Bandelette du Comte Harebourc,30311
Essence du Comte Razof,30206
Essence du Maître Corbac,30086
Clef de la Tempête de l'Elioce …,29901
Cuir de Tengu Givrefoux,29390
Poil de Meno,29293
Bonnet de Guerre,28833
insigne des Justiciers,28833
Clef du Camp du Comte Razof,28789
Clef du Miausolée du Pounicl,28666
Met'Hache,28259
Prysmaradite Sapin,28039
Clef du caveau du Prince Dis …,28014
Plume d'llyzaelle,27996
Fragment de carte de Pantèr: …,27801
Sève de Merisier,27769
Clef de la Grotte du Bworker,27750
Millet Zime,27739
Cuir de Tengu Givrefoux,29390
Poil de Meno,29293
Bonnet de Guerre,28833
Insigne des Justiciers,28833
Clef du Camp du Comte Razof,28789
Clef du Miausolée du Pounicl …,28666
Met'Hache,28259
Prysmaradite Sapin,28039
Clef du caveau du Prince Die …,28014
Plume d'llyzaelle,27996
Fragment de carte de Pantèr: …,27801
Sève de Merisier,27769
Clef de la Grotte du Bworker,27750
Millet Zime,27739
Boulon neuf,27594
Essence du Kralamoure Géant,27542
Ronce ephedryenne,27496
Framboise,27337
Fragment de carte de Pantèr: …,27298
Fragment de carte d'Ali Grotl …,27145
Sève de Noisetier,27102
Essence de Kanigroula,27018
Broderie de la Reine des Vol: …,26910
Clef du Temple de Koutoulou,26860
Fragment de carte du Guerrie …,26824
Bidoche Noire,26732
Mâchoire de Brutasmodan,26645
Fragment de carte d'Ali Grott …,26442
Requin Marché-Libre,26347
Peau de Chevaucheur Koalak,26340
Fragment de carte du Guerrie …,26316
Fragment de carte de Kongol …,26016
Sève de Kaliptus,25555
Clef de l'Aquadôme de Merkator,25540
Aquarakne de Crânonier,25372
Œil de Korriandre,25266
Bracelet de Force de Troo!l,25130
Fragment de carte d'Ali Grott …,24828
Vieille Tête de Marteau,24537
Peau du Rasboul Majeur,23951
Clef de la Tanière Givrefoux,23926
Huile de Pikoleur,23916
Fluide nasal de Prim,23891
Bidoche Gâtée,23865
Sève d'Ébène,23685
Boulet lesté,23383
Fragment de carte du Guerrie …,23124
Fragment de carte d'Anatak 2/E,23071
Fragment de carte de Pantèr: …,23064
Clef de l'Antichambre des Glc …,22892
Corne de Corruption,22892
Fragment de carte de Kongol …,22887
Fragment de carte de Kongol …,22400
Met'Hache immaculée,22160
Cocktail cacterre,22089
Sève de Bambou Sacré,21970
Fluide nasal de Prim,23891
Bidoche Gâtée,23865
Sève d'Ébène,23685
Boulet lesté,23383
Fragment de carte du Guerrie …,23124
Fragment de carte d'Anatak 2/£,23071
Fragment de carte de Pantèr: …,23064
Clef de l'Antichambre des Glc …,22892
Corne de Corruption,22892
Fragment de carte de Kongol …,22887
Fragment de carte de Kongol …,22400
Met'Hache immaculée,22160
Cocktail cacterre,22089
Sève de Bambou Sacré,21970
Fragment de carte de Voldelc …,21959
Plasmogrine gelée,21901
Sceau Sylvestre,21858
Poison cinglant,21734
Clef du Bastion des Marteau: …,21321
Farine Humée,21130
Salace de poissons empoiso …,21111
Clef du Plateau de Ush,21109
Fragment de carte de Pantèr: …,21080
Fragment de carte de Pantèr: …,21037
Philtre de Longévité,20723
Orge en Sucre,20714
Fragment de carte de Kongol …,20693
Gland de Fouduglen,20581
Fragment de carte de Voldelc …,20451
Fragment de carte de Kongol …,20421
Métal abyssal,20338
Coffre-forge,20155
Clef de la Pyramide d'Ombre,20054
Bitte d'amarrage,20012
Fragment de carte de Kongol …,19974
Raie de Farle,19784
Essence d'Ombre,19777
Poil de Capsaaloocke,19701
Peinture Verte,19693
Concassé de brume,19499
Ossements sacrés de Givrefoux,19445
Étoffe de Choudini,19435
Sève de Charme,19422
Essence de Shihan et Hanshi,19403
Essence de Koumiho,19372
Fragment de carte d'Anatak 4/5,19350
Fragment de carte de Zatoïst …,19336
Fragment de carte de Voldelc …,19278
Fragment de carte de Voldelc …,19235
Cheveux de Tal Kasha,19233
Essence du Capitaine Ekarlatte,19050
Œil du Père Ver,19041
Sève d'Oliviolet,18835
Pâte à Tra Khben,18581
Poignée du Gorgouille,18581
Essence du Royalmouth,18560
Sève de Charme,19422
Essence de Shihan et Hanshi,19403
Essence de Koumiho,19372
Fragment de carte d'Anatak 4/£,19350
Fragment de carte de Zatoïst …,19336
Fragment de carte de Voldelc …,19278
Fragment de carte de Voldelc …,19235
Cheveux de Tal Kasha,19233
Essence du Capitaine Ekarlatte,19050
Œil du Père Ver,19041
Sève d'Oliviolet,18835
Pâte à Tra Khben,18581
Poignée du Gorgouille,18581
Essence du Royalmouth,18560
Cédille de Tsunam,18426
Sève de Bambou,18285
Peinture Orange,18158
Clef du Repaire de Sphincter …,18094
Étoffe Mystérieuse,18087
Œil d'Ougah,17994
Fragment de carte d'Anatak 5/5,17967
Clef du Temple du Grand Ougat,17915
Sac de boucher frigostien,17871
Fragment de carte de Zatoïst …,17780
Bar Iton,17750
Fragment de carte de Kongol …,17743
Clef du Mégalithe de Fraktale,17688
Queue du Royalmouth,17663
Fragment de carte de Kongol …,17635
Soie chatoyante,17580
Filtre à frousse,17498
Sève de Bambou Sombre,17360
Fragment de carte de Voldelc …,17288
Patte de Tabacille,17281
Fragment de carte d'Anatak 1/5,17100
Clef de la Galerie du Phossile,17060
Bandeau de Voapah,16867
Substrat de Fourré,16861
Fragment de carte de Zatoïst …,16832
Cœur de Merkator,16800
Fragment de carte de Dremo. …,16766
Moustache de Ush,16758
Sève de Bombu,16744
Brochet Tupe-Halett,16717
Teinture Magique Sombre,16699
Cœur du Maître Corbac,16552
Coquille de Submergé,16284
Sang du Kido,16216
Teinture Magique Bleutée,16154
Goujon Kiye,16143
Éclat Kao brisé,15860
Basalte,15829
Scarabée Chrysonéfritin,15681
Fragment de carte de Dremo …,15553
Clef du Ring du Capitaine Ek: …,15504
Cire de Gligli Améliorée,15439
Sève de Bombu,16744
Brochet Tupe-Halett,16717
Teinture Magique Sombre,16699
Cœur du Maître Corbac,16552
Coquille de Submergé,16284
Sang du Kido,16216
Teinture Magique Bleutée,16154
Goujon Kiye,16143
Éclat Kao brisé,15860
Basalte,15829
Scarabée Chrysonéfritin,15681
Fragment de carte de Dremo.…,15553
Clef du Ring du Capitaine Ek: …,15504
Cire de Gligli Améliorée,15439
Clef du Tertre du long sommeil,15437
Jeton du Bworker,15428
Queue de Kanigroula,15427
Mandragorgonzola,15380
Haïku d'encre : Illusion,15369
Fragment de carte de Zatoïst …,15355
Haïku de papier : Cochon,15335
Substrat de Forêt vierge,15301
Pavé,15267
Haïku d'encre : Ombre,15249
Bouteille de rhum,15120
Schéma de la Pince à Linge,15001
Belladonzelle,14993
Sève d'Érable,14957
Corne de Typhomet,14894
Hélice en laiton,14848
Encre du Kralamoure géant,14847
Os de Trooil,14788
Fragment de carte de Voldelc …,14763
Linothorax,14729
Essence de Barbéryl Clochec …,14712
Farine de contrebande,14641
Fragment de carte de Voldelc …,14608
Jus de poisson sain,14571
Laine de Sylargh,14549
Socle en coquillage,14466
Fragment de carte d'Anatak 3/£,14427
Plombs de plongée,14293
Haïku de papier : Granouille,14242
Peau du Bworker,14155
| Épaule de Maléphisto,14129
Poisson-Tigre,14100
Steamopompe,14068
Clef du Potager d'Halouine,14042
Essence de Skeunk,13951
Fragment de carte de Voldelc …,13942
Sardine Sombre,13912
Peinture Rouge,13896
Marque des grands fonds,13882
Poil d'aisselle de Missiz Frizz,13876
Clef de la Demeure des Esprits,13868
Peau lacérée du Tynril,13831
Haïku de papier : Granouille,14242
Peau du Bworker,14155
Épaule de Maléphisto,14129
Poisson-Tigre,14100
Steamopompe,14068
Clef du Potager d'Halouine,14042
Essence de Skeunk,13951
Fragment de carte de Voldelc …,13942
Sardine Sombre,13912
Peinture Rouge,13896
Marque des grands fonds,13882
Poil d'aisselle de Missiz Frizz,13876
Clef de la Demeure des Esprits,13868
Peau lacérée du Tynril,13831
Essence du Corailleur Magistral,13764
Haïku d'encre : Invisible,13759
Canine de Cronnibal,13745
Clef de l'hypogée de l'Obsidi: …,13729
Mèche de Pralicienne,13584
Essence du Minotoror,13506
Essence de Sphincter Cell,13408
Clef de la mine de Sakaï,13369
Corde d'escalade,13310
Coquille de Krokille,13293
Haïku de papier : Qilin,13156
Peinture Violette,13133
Essence du Tofu Royal,13016
Patte de Li-Fo,13016
Edelweiss Marguerite,12990
Prysmaradite Safre,12989
Masque à Zag,12971
Koinkoin de bain de Nagate,12931
Écumouth vivant,12887
Ethmoïde du Minotot,12822
Patron du Glutin,12705
Haïku de papier : Chtigre,12657
Clef de l'Horologium de XLII,12625
Nez-Rouge de Redolphe,12620
Essence de Tanukouï San,12418
Fragment d'anomalie,12329
Paquet Cadeau du Minotobo …,12256
Orchidée de Génie,12195
Teinture Magique Orange,12186
Clef de la Grotte de Kanigroula,12117
Haïku de papier : Cygrue,12074
Prysmaradite Indigo,12061
Langue de Champodonte,11973
Phéromone de Tofu,11805
Fragment de carte de Zatoïst …,11742
Truite Ancestrale,11730
Corail Magistral,11619
Aile de Sinistrofu,11616
Offrande aux esprits célestes,11614
Clef de la Fabrique de Malléfisk,11612
Fragment de carte de l'Hyper …,11602
Clef de la Tombe du Shogun …,11472
Teinture Magique Orange,12186
Clef de la Grotte de Kanigroula,12117
Haïku de papier : Cygrue,12074
Prysmaradite Indigo,12061
Langue de Champodonte,11973
Phéromone de Tofu,11805
Fragment de carte de Zatoïst …,11742
Truite Ancestrale,11730
Corail Magistral,11619
Aile de Sinistrofu,11616
Offrande aux esprits célestes,11614
Clef de la Fabrique de Malléfisk,11612
Fragment de carte de l'Hyper …,11602
Clef de la Tombe du Shogun …,11472
Ambre du Chêne Mou,11455
Clef de la Maison du Papa Nc …,11418
Galet rutilant,11384
Clef de l'atelier de Sotsiah Peh,11325
Patron de Redolphe,11219
Essence du Blop Royal,11135
Cuir de Glouragan,11039
Toque de Cabosseur,11003
Clef du Boyau du Père Ver,10985
Pic d'Anerice,10914
_ Bois Ancestral,10828
Planche de Gravure,10825
Aile de Gruche,10730
Sève de Noyer,10647
Barbe de Merkator,10628
Sac de boulanger frigostien,10628
Boue Mature,10612
Sève d'if,10606
Essence du Meulou,10577
Fragment de Rubis Fertile,10517
Peinture Noire,10412
Fragment de carte de Dremo. …,10397
Eclat temporel,10370
Planche à Pâtisserie,10343
Fragment de carte de Dremo.…,10293
Galet Lunaire,10282
Pluie de Pandala,10241
Fragment de carte de l'Hyper …,10240
Cachet du bizut,10164
Ballon jaune,10152
Haïku d'encre : Conte,10140
Manche équilibré,10078
Ambre gris,10029
Coupon du lecteur 2/3,10022
Substrat de Forêt,10020
Sac de forgeur de marteaux : …,9999
Bidoche de Brousse,9998
Lame en mousse,9978
Moustache du Shogun Tofug …,9916
Vertèbre de Trépavois,9913
Clef Mansot,9847
Essence de Nagate,9771
Cachet du bizut,10164
Ballon jaune,10152
Haïku d'encre : Conte,10140
Manche équilibré,10078
Ambre gris,10029
Coupon du lecteur 2/3,10022
Substrat de Forêt,10020
Sac de forgeur de marteaux : …,9999
Bidoche de Brousse,9998
Lame en mousse,9978
Moustache du Shogun Tofug …,9916
Vertèbre de Trépavois,9913
Clef Mansot,9847
Essence de Nagate,9771
Fragment de carte de l'Hyper …,9732
Moule de Clef de la Maison d …,9701
Clef du Château du Wa Wabbit,9635
Poils du Comte Razof,9521
Kouartz,9504
Essence de Ben le Ripate,9434
Fragment de carte de Dremo …,9431
Pagne d'Alashasss,9331
Mait Husse,9219
Écorce du Tynril,9175
Volve de Mérulor,9118
Bave de Mol Usk,9102
Maïssého,9076
Pétale d'encre,9069
Clef de la Caverne d'El Piko,9055
Essence du Wa Wobot,9022
Crabe Sourimi Exotique,9004
Essence du Toxoliath,8948
Fragment de carte de l'Hyper …,8889
Casque Cassé du Chafer,8869
Œil de Verminocule,8804
Alliogemme,8767
Ginsengoku,8760
Potion minérale,8747
Potion de Glandage,8729
Cédille d'Imetsu,8721
Poussière de Roche,8593
Dentier de Dantinéa,8561
Trame Dimensionnelle,8509
Cloche de Barbéryl Clochecu …,8480
Poils de barbe de Marteau-Aigr,8399
Coco du Bitouf aérien,8338
Diadème de Belilith,8311
Fragment de carte de l'Hyper …,8274
Kriptonite,8189
Boucle intemporelle,8167
Pandouille de Trois,8141
Essence du Dragon Cochon,8108
Bidoche Fraîche,7982
Substrat de Fascine,7976
Peinture Jaune,7909
Mandibule d'Abrakne Irascible,7908
Trame Dimensionnelle,8509
Cloche de Barbéryl Clochecu …,8480
Poils de barbe de Marteau-Aigr,8399
Coco du Bitouf aérien,8338
Diadème de Belilith,8311
Fragment de carte de l'Hyper …,8274
Kriptonite,8189
Boucle intemporelle,8167
Pandouille de Trois,8141
Essence du Dragon Cochon,8108
Bidoche Fraîche,7982
Substrat de Fascine,7976
Peinture Jaune,7909
Mandibule d'Abrakne lrascible,7908
Essence du Pounicheur,7881
Œil de Halbardent,7839
Sève de Châtaignier,7813
Pyrute,7798
Guillemets d'imiyama,7756
Sel de Baleine,7746
Goulobule rouge,7715
Essence de la Haute Truche,7692
Clef du Repaire de Skeunk,7686
Queue de Sinistrofu,7683
Prysmaradite Parme,7679
Bidoche Macérée,7650
Peinture Bleue,7644
Potion d'aitération,7622
Ambre du Tynril,7608
Sang de Wabbit Garou,7604
Haïku d'encre : Mystère,7576
Écorce de Champaknyde,7468
Substrat de Bosquet,7445
Broderie de Nileza,7385
Plan de Pièges à Chasseur,7383
Poil de Chacrebleu,7377
Clef du Chapiteau des Magik …,7322
Peau pourrie de Dolid,7301
Apostrophe d'Imafugo,7275
Bois de Tremble,7230
Brochette de Laikteur,7206
Pic du Nocturlabe,7051
Poing-virgule de Shinlam,7033
Fragment de carte de l'Hyper …,7025
Clef de l'Arbre de Moon,6985
Planche à Dessin,6968
Boucle temporelle,6952
Silex Sanglant,6887
Bourgeon du Chêne Mou,6872
Molaire de Blérice,6816
Moustache de Klime,6809
Œil du Kharnozor,6774
Clef de l'Antre de Crocabulia,6766
Corne de Déminoboule,6671
Scapula de Ben le Ripate,6669
Tonneau en Bombu,6656
Poing-virgule de Shinlam,7033
Fragment de carte de l'Hyper …,7025
Clef de l'Arbre de Moon,6985
Planche à Dessin,6968
Boucle temporelle,6952
Silex Sanglant,6887
Bourgeon du Chêne Mou,6872
Molaire de Blérice,6816
Moustache de Klime,6809
Œil du Kharnozor,6774
Clef de l'Antre de Crocabulia,6766
Corne de Déminoboule,6671
Scapula de Ben le Ripate,6669
Tonneau en Bombu,6656
Poils de Gouitime,6623
Cheveux de Draegnerys,6561
Bidoche Persillée,6560
Poing-virgule d'Imushin,6471
Griffe de Matougarou,6461
Fragment d'Ougalurette,6430
Sève de Chêne,6418
Boomerang du Koalak Sanguin,6414
Écorce de Nerbe,6382
Symbole des Obscuranti,6343
Essence de Moon,6321
Essence du Mansot Royal,6189
Essence de Gourlo le Terrible,6162
Essence du Kharnozor,6113
Laine de Tengu Givrefoux,6108
Avoine Aurifère,6083
Clef de la Croquanterie,6069
Fragment de carte de l'Hyper …,6063
Schéma d'implants Rustiques,6045
Corne du Minotot,9954
Blé d'Or,5940
Guillemets de Mabram,5929
Bave de Marthos,5918
Poils de Barbe d'Enutrofor,5906
Houblon Brillant,5896
Symbole de Xélomorphe,5878
Épaulière de Bourôliste,5876
Moumoule,5850
Carapace circonflexe d'imorok,5807
Lanterne de Tourthon,5799
Lin Tempête,5782
Joyau de la couronne du roi À …,9744
Bézoard Ardent de Grozilla,5703
Poudre glaciale,9701
Boomerang du Maître Koalak,9698
Germes corrom pus,5690
Clef de la serre du Royalmouth,5675
Glande du Pounicheur,5673
Artefact Pandawushu Roc,9581
Chaudron de Températurge,9533
Essence de Dramak,9472
Jeton du Chazino des Ecaflir …,5436
Carapace circonflexe d'imorok,5807
Lanterne de Tourthon,5799
Lin Tempête,3782
Jovyau de la couronne du roi À …,9744
Bézoard Ardent de Grozilla,5703
Poudre glaciale,9701
Boomerang du Maître Koalak,5698
Germes corrom pus,5690
Clef de la serre du Royalmouth,9675
Glande du Pounicheur,9673
Artefact Pandawushu Roc,9581
Chaudron de Températurge,9533
Essence de Dramak,9472
Jeton du Chazino des Ecaflir …,5436
Dent de Klémort,9411
Bidoche Intangible,9359
Badge de Malicien,9358
Seigle Résistant,9349
Corne d'Ombre,5346
Essence de XLII,5341
Essence d'Hell Mina,5281
Menthe Religieuse,5279
Collier d'esclave,9260
Clef de la Bambusaie de Dar …,9255
Langue de Hacharné,5243
Essence de la Reine Nyée,9233
Fronde de Boufbos,9232
Dent de Phorreur,5210
Essence d'El Piko,9137
Copie de la clef du repaire de …,5121
Chair de Zombruth,5096
Jeton du Chazino des Matou …,9085
Poisson igloo,5083
Riz Cola,5079
Bidoche Frelatée,9051
Aile de Nocturlabe,5050
Chitine de Nécrotique,5020
Fumée Novice,9011
Sac de sculpteur d'arcs frigo …,5000
Étoffe de la Cour Sombre,4985
Sève de Frêne,4984
Essence de Boostache,4980
Maraca de Lévito,4953
Carapace circonflexe de Rok …,4950
Essence du Scarabosse Doré,4944
Planche de Toilette,4929
Fleur des protecteurs,4922
Petits oignons,4906
Chope de Bière,4888
Clef du Terrier du Wa Wabbit,4884
Planche à Pain,4855
Sang du Toxoliath,4838
Clef de la Volière de la Haute …,4814
Essence de l'Abraknyde Ance …,4750
Clef du Grolandais violent,4738
Essence du Craqueleur Lége: …,4735
Pierre Angulaire,4728
Œil de Harpo,4718
Croc de Krokille,4709
Corail Kouraçao,4705
Substrat de Forêt primaire,4690
Dent de Vatenbière,4648
Peau de Trithon,4647
Piques à cheveux de Shihan,4634
Essence du Mantiscore,4615
Cœur du Mantiscore,4609
Rossignol,4591
Œuf du Mansot Royal,4589
Essence du Blop Multicolore …,4566
Métaria Mage verte,4561
Pierre Angulaire,4728
Œil de Harpo,4718
Croc de Krokille,4709
Corail Kouraçao,4705
Substrat de Forêt primaire,4690
Dent de Vatenbière,4648
Peau de Trithon,4647
Piques à cheveux de Shihan,4634
Essence du Mantiscore,4615
Cœur du Mantiscore,4609
Rossignol,4591
Œuf du Mansot Royal,4589
Essence du Blop Multicolore …,4566
Métaria Mage verte,4561
Viscères du Scarabosse Doré,4558
Peau de Piralak,4545
Résidu de Solfataré,4470
Sépale de Drosérâle,4461
Étoffe de Samouraï fantôme,4429
Immortelle,4410
Bidoche Saignante,4396
Poil de Renarbo,4328
Tibia du Guerrier Zoth,4310
Crâne d'Aventurier,4305
Pédoncule de Mérulor,4305
Ortie Roïde,4300
Pierre de souillure bleue impure,4278
Sabot du Minotot,4272
Aigue-Marine,4267
Graines de Citwouille Maudites,4253
Culotte de Harrogant,4251
Fausse dent de Grozilla,4237
Souche de l'Abrakleur clair,4223
Clef de la Clairière du Chêne …,4216
Pince de Krabouilleur,4206
Dent de Cuirboule,4193
Carapace de Termystique,4186
Œuf de Haute Truche,4173
Feuille de Cawotman,4155
Sang de Calciné,4154
Bec de Dodox,4145
Globule de Nyée,4120
Bec de Granduk,4113
Cœur d'Empaillé,4107
Plume de Cycloïde,4103
Armure de Blindur,4095
Crinière de Krakal,4084
Tentacule de Démoloch,4077
Caleçon de Cybwork,4054
Boucle des Égarés,4049
Poil de Blérauve,4048
Molaire de Nessil,4041
Brûülâme encapsulé,4034
Bec de Strigide,4020
Œil de Gouligane,4014
Essence du Chouque,4006
Levure de boulanger saine,4003
Laine de Dardalaine,3999
Langue de Diabélial,3987
Moustache de Frimar,3965
Fémur du Minotot,3960
Laine du Minotot,3952
Sauge Divine au Rhum,3951
Poils d'Hordémon,3942
Chaussette du Kimbo,3934
Dent de Larve Dorée,3885
Griffe de Kanimate,3882
Étoffe Zoth,3872
Duvet de Bourdard,3852
Plume de Brabuzar,3851
Levure de boulanger saine,4003
Laine de Dardalaine,3999
Langue de Diabélial,3987
Moustache de Frimar,3965
Fémur du Minotot,3960
Laine du Minotot,3952
Sauge Divine au Rhum,3951
Poils d'Hordémon,3942
Chaussette du Kimbo,3934
Dent de Larve Dorée,3885
Griffe de Kanimate,3882
Étoffe Zoth,3872
Duvet de Bourdard,3852
Plume de Brabuzar,3851
Malleus de Karkanik,3844
Fleur de Blop Multicolore Royal,3828
Essence de Crocabulia,3815
Queue de Brikoglours,3809
Bakélélite,3808
Fleur de Blop Indigo Royal,3799
Clef de l'Akadémie des Gobs,3785
Cuir du Minotot,3768
Chaussette du Cyclophandre,3765
Étoile d'Or d'El Piko,3762
Étoffe de Grodruche,3746
Fragment de carte de l'Hyper …,3746
Essence de Draegnerys,3740
Épine de Diondin,3724
Peau de Pataugerme,3723
Piège désamorcé de Mâchassir,3718
Coco du Bitouf Sombre,3717
Rutile,3714
Planche à Repasser,3712
Œil de Fleuro,3711
Laine de Bouftou Royal,3709
Molaire de Ventrublion,3703
Fleur de Blop Griotte Royal,3693
Rotule du Disciple Zoth,3666
Peau de Torréfactueur,3665
Braises bleutées,3656
Cervelle de Verglasseur,3635
Appendice Démoniaque,3608
Groin de Porkzebuth,3583
Cervelle de Peunch,3580
Sternum de Mansordide,3578
Topaze,3577
Corne de Gliglibido,3576
Queue de Mantaze,3552
Gilet du Valet,3542
Essence du Wa Wabbit,3540
Métaria Mage bleue,3538
Métaria Mage rouge,3536
Ethmoïde de Stalak,3525
Corne de Dragoss Protéiforme,3517
Œuf de Dragoeuf Argile,3505
Clef de la Caverne de Nowel,3497
Groin de Porkzebuth,3583
Cervelle de Peunch,3580
Sternum de Mansordide,3578
Topaze,3577
Corne de Gliglibido,3576
Queue de Mantaze,3552
Gilet du Valet,3542
Essence du Wa Wabbit,3540
Métaria Mage bleue,3538
Métaria Mage rouge,3536
Ethmoïde de Stalak,3525
Corne de Dragoss Protéiforme,3517
Œuf de Dragoeuf Argile,3505
Clef de la Caverne de Nowel,3497
Étoffe du Roissingue,3497
Clef du Cimetière des masto: …,3494
Bractée de Drosérâle,3466
Clef du Bateau du Chouque,3456
Corne brisée de Crocabulia,3445
Plume de Granduk,3432
Oreille de Mécanofoux,3430
Grenade de Moribombe,3402
Mousse de Caméliache,3391
Queue de Koalak Sanguin,3388
Méga Pierre du Craqueleur L …,3380
Plastron de Tambouraï,3366
Substrat de Futaie,3365
Métronome du Début-Temps,3344
Flaque Mature,3310
Œil de Dawaj,3308
Parasite Aquatique,3299
Cocon de Ver à Soie,3296
Lame tranchante,3296
Potion des Ancêtres,3280
Pierre précieuse du Kimbo,3243
Cendres Matures,3224
Jambière de Kasrok,3169
Clef du Garde-manger du Raï …,3166
Trompe de la Tromperelle,3155
Bouteille de Bouchonnois,3149
Corne de XLII,3140
Feuille de Fourbasse,3125
Fiole à élément,3121
Pierre de souillure verte impure,3120
Poudre Mature,3110
Essence du Phossile,3100
Terre Stérile,3095
Clef du Repaire du Kharnozor,3091
Oreille de Sphincter Cell,3067
Étoffe Magique de Moon,3043
Broderie d'Eskoglyphe,3038
Tourmaline,3009
Défense de Dragon Cochon,2976
Pierre de souillure jaune impure,2962
Coiffe déchiquetée de Drako …,2940
Grenat de Momistik,2920
Bidoche Rassie,2917
Œil de Cycloïde,2912
Poils de barbe de Barbélier,2899
Cendres Juvéniles,2891
Morceau de clef du Matin Pe …,2875
Pétale de Gangredogue,2871
Lamelle de Champbis,2870
Clef du Clos des Blops,2862
Essence du Tournesol Affamé,2843
Clef de la Canopée du Kimbo,2830
Métaria Mage jaune,2827
Bidoche Sanguinolente,2826
Corne de Méjaire,2818
Encre de Pouipée,2806
Bidoche Rassie,2917
Œil de Cycloiïde,2912
Poils de barbe de Barbélier,2899
Cendres Juvéniles,2891
Morceau de clef du Matin Pe …,2875
Pétale de Gangredogue,2871
Lamelle de Champbis,2870
Clef du Clos des Blops,2862
Essence du Tournesol Affamé,2843
Clef de la Canopée du Kimbo,2830
Métaria Mage jaune,2827
Bidoche Sanguinolente,2826
Corne de Méjaire,2818
Encre de Poulpée,2806
Poils de Kanigroula,2787
Gros Boulet,2784
Œil de Wabbit Céphale,2779
Bidoche Exsudative,2776
Clef de la Tanière du Meulou,2754
Étoffe de Meupette,2737
Essence de Founoroshi,2736
Étoffe de Gourlo le Terrible,2710
Lanière en cuir de Gliglitch,2705
Œil de Krokille,2700
Urtica,2695
Dent de Crocabulia,2694
Côtes de Désosseur,2686
Patte de Korriandre,2670
Ventouse du Kralamoure géant,2669
Aile Atrophiée de Tofu Dodu,2651
Casque de Statulipe,2642
Bidoche Minérale,2626
Barbe du Wa Wobot,2614
Pierre du Courtilieur,2607
Essence du Kanniboul Ebil,2603
Cheveux d'Alhyène,2600
Antennes du Cafard Fadet,2598
Étoffe de Sphincter Cell,2593
Bâton du Kilibriss,2580
Scorie d'Obsidiantre,2554
Pique du Soldat,2551
Clef du Théâtre de Dramak,2517
Oreille de Fistulor,2514
Feuille de Fujibakama,2510
Tatouage de Mauvais Garçon,2505
Dent de Crocodaille,2493
Nacre,2492
Sabot du Minotoror,2492
Pièce de Koffrefor,2489
Pierre du Koulosse,2478
Nez de Pipisteuse,2462
Pétale de Malter,2460
Diamant,2459
Boue Novice,2453
Flocon de Neige,2453
Griffe de Dragoeuf Albâtre,2446
Oreille de Fistulor,2514
Feuille de Fujibakama,2510
Tatouage de Mauvais Garçon,2505
Dent de Crocodaille,2493
Nacre,2492
Sabot du Minotoror,2492
Pièce de Koffrefor,2489
Pierre du Koulosse,2478
Nez de Pipisteuse,2462
Pétale de Malter,2460
Diamant,2459
Boue Novice,2453
Flocon de Neige,2453
Griffe de Dragoeuf Albâtre,2446
Plume de Gobvious,2436
Carte du Grand Jeu,2401
Moustache de Rilur,2381
Poche de charbon de Grasmera,2368
Essence de Nelween,2353
Clef du Dojo du vent,2327
Clef de l'antre du Blop Multic …,2319
Bois de Tronknyde,2314
Planche de Surf,2301
Fond de Culotte de Glugubrr,2299
Crâne magique de Magouille,2287
Artefact Pandawushu Bois,2285
Étoffe du Fauchalak,2271
Broderie de la Prêtresse de Kao,2269
Clef du labyrinthe du Dragon …,2265
Volve de Fistulor,2262
Magnésite,2257
Graine de Frostiz,2250
Poudre explosive de Gourlo,2234
Essence des Forgerons,2226
Peau de Kraméléhon,2226
Peau de Ramane d'Égoutant,2225
Griffe de Buboxor,2223
Dents de Wabbit Vampire,2221
Clef du Laboratoire de Brum …,2219
Huile de Koode,2206
Laine de Glouragan,2201
Huile de Tournesol Sauvage,2197
Dolomite,2166
Essence de Choudini,2164
Clef de la Fabrique de foux d …,2161
Poudre Novice,2145
Corne de Rhinoféroce,2143
Couronne Brisée du Tofu Royal,2136
Faux Koinkoin,2136
Queue de Minotoror,2125
Flûte de Mastodonte,2123
Iris de Boulglours,2118
Jaune d'Œuf de Krokille,2115
Foulard de Koalak Farouche,2108
Kaokurimono,2107
Ébonite,2092
Dolomite,2166
Essence de Choudini,2164
Clef de la Fabrique de foux d …,2161
Poudre Novice,2145
Corne de Rhinoféroce,2143
Couronne Brisée du Tofu Royal,2136
Faux Koinkoin,2136
Queue de Minotoror,2125
Flûte de Mastodonte,2123
Iris de Boulglours,2118
Jaune d'Œuf de Krokille,2115
Foulard de Koalak Farouche,2108
Kaokurimono,2107
Ébonite,2092
Râtelier d'Oogie Betty,2091
Bidoche Avariée,2077
Bidoche Faisandée,2072
Poils de Kerubim,2071
Bout d'Armure de Macrab,2061
Fragment d'Ectorche,2055
Peau de Maître Koalak,2052
Sceau du Roi Joueur,2047
Queue de Blérom,2035
Plume Vibrante du Tofu Royal,2032
Sang de Harpo,2018
Œil de Morcac,2013
Bave du Kaskargo,2011
Clef de la Caverne du Koulosse,2010
Substrat de Bocage,1999
Bidoche Séchée,1980
Nœud de l'Abrakleur clair,1978
Cœur du Capitaine Ekarlatte,1976
Pile Steamer,1975
Œil de Crocodaille albinos,1972
Oreille de Chargus,1970
Essence du Rat Noir,1964
Potion de Vieillesse,1962
Os de Sramouraï,1954
Testicules Magiques du Meulot,1947
Épine de Grath,1946
Aile de Kérigoule,1942
Dent de Chakaroze,1940
Talon d'achille de l'Abrakleur …,1932
Clef Secrète du Tofulailler Roya,1928
Lunettes de Tiwobot,1925
Clef de l'Épreuve de Draegnerys,1917
Couche usagée de Warko Violei,1917
Herbe à chacha,1916
Capuche d'Armécréante,1913
Trident de Tryde,1909
Griffe de Kolosso,1903
Insigne de Malveilleur,1903
Essence de Rakoopeur,1902
Calcanéus de Meliglours,1890
Peau de Trémorse,1886
Liane de Soldalia,1885
Talon d'achille de l'Abrakleur …,1932
Clef Secrète du Tofulailler Roya,1928
Lunettes de Tiwobot,1925
Clef de l'Épreuve de Draegnerys,1917
Couche usagée de Warko Violei,1917
Herbe à chacha,1916
Capuche d'Armécréante,1913
Trident de Tryde,1909
Griffe de Kolosso,1903
Insigne de Malveilleur,1903
Essence de Rakoopeur,1902
Calcanéus de Meliglours,1890
Peau de Trémorse,1886
Liane de Soldalia,1885
Écorce de Fécorce,1874
Feuille de Tikoko,1874
Flaque Vénérable,1870
Incisive de Kami Givrefoux,1867
Oreille de Blérice,1860
Métaria verte,1855
Cuir de Fuji Givrefoux,1849
Bave de Brokouillon,1837
Sang coagulé,1836
Faux Visage de Choudini,1828
Flèche de Crâmbo,1827
Guildalogemme,1827
Testicules du Tanukouï San,1825
Mèche Rebelle d'Hell Mina,1813
Essence du Rat Blanc,1807
Mojo du Meulou,1806
Crochet rouillé,1803
Palpe de Pikbul,1797
Plume de Tofu Maléfique,1793
Coffret maudit du Flib,1781
Fragment de Chakanoubis,1777
Aile de Gloursaya,1767
Cuir du Minotoror,1767
Clef des Pitons Rocheux des …,1766
Œil de Champmane,1764
Silex,1764
Essence du Koulosse,1757
Fumée Mature,1754
Os de Nemroz,1751
Bwak Squelettique,1748
Bourgeon d'Abraknyde Ance: …,1740
Première partie de la clef du …,1734
Chouchou de Doublure,1729
Écaille de Gambaf,1714
Étoffe de Glourmand,1709
Bave de Champ à Gnons,1693
Étoffe de Croleur,1692
Antenne de Bacterrib,1690
Racine d'Abrazif,1676
Galet Saisonnier,1674
Saphir,1667
Pétale de Rose Obscure,1665
Étoffe de Kaniblou,1664
Queue Magique de Founoroshi,1655
Roue de Tivelo,1648
Carapace du Mantiscore,1647
Cawotte,1640
Métaria Triame rouge,1637
Pointe osseuse de Grasmera,1627
Moule de Clef du Donjon de | …,1623
Cœur de Crapeur,1622
Crâne de Yokaï Givrefoux,1621
Corne de Scaratos,1617
Clef du Village Kanniboul,1614
Clochettes,1595
Concombre,1595
Étoffe de Kaniblou,1664
Queue Magique de Founoroshi,1655
Roue de Tivelo,1648
Carapace du Mantiscore,1647
Cawotte,1640
Métaria Triame rouge,1637
Pointe osseuse de Grasmera,1627
Moule de Clef du Donjon de | …,1623
Cœur de Crapeur,1622
Crâne de Yokaï Givrefoux,1621
Corne de Scaratos,1617
Clef du Village Kanniboul,1614
Clochettes,1595
Concombre,1595
Essence de Kankreblath,1592
Ceinture de la Dame,1582
Pilule de Rat Pine,1570
Aile d'Eninferno,1568
Galet cramoisi,1568
Arakne Écrabouillée,1562
Queue de Meliglours,1552
Bidoche Ladre,1548
Cristal pliable,1547
Moustache de Boostache,1544
Flûte de Kiûütiste,1517
Clef de la Grotte Hesque,1514
Étamine de Floribonde,1511
Fragment du Gorgouille,1508
Paupière Dorée de Rykaon,1492
Morceau de clef du Soiw Wo …,1491
Cendres Vénérables,1486
Bidoche Tendre,1485
Chicots d'Halouine,1479
Makroute Déchiqueté,1470
Clef de la Sousouricière du R …,1465
Caleçon Brun,1457
Clef de la Vallée de la Dame « …,1453
Babines de Macien,1452
Botte trouée de Mégabwork,1452
Tentacule de N'Yalg,1451
Pierre d'Atomystique,1444
Langue de Kashkaille,1441
Rubis,1439
Pince de Crabe Yoloniste,1435
Épine d'Armuguet,1433
Métaria Triame bleue,1422
Obsidienne,1421
Dent de Bandleth,1416
Kolérat Mort,1416
Poing de Coquelicogne,1414
Pense-bête de Rubise,1413
Masque brisé,1412
Substrat de Buisson,1407
Tresse du Poolay,1407
Clef de la Maison Fantôme,1404
Manubrium de Wolvero,1404
Rubis,1439
Pince de Crabe Yoloniste,1435
Épine d'Armuguet,1433
Métaria Triame bleue,1422
Obsidienne,1421
Dent de Bandleth,1416
Kolérat Mort,1416
Poing de Coquelicogne,1414
Pense-bête de Rubise,1413
Masque brisé,1412
Substrat de Buisson,1407
Tresse du Poolay,1407
Clef de la Maison Fantôme,1404
Manubrium de Wolvero,1404
Morceau de clef de Paspartou,1398
Clef du Laboratoire du Tynril,1394
Vorner d'Apériglours,1394
Fragment de pépite de Sakaï,1391
Cuir Violet de Mégabwork,1386
Larme de Givrefoux,1385
Fleur de Blop Reinette Royal,1379
Os de Wabbit Squelette,1378
Clef de l'Atelier du Tanukouï …,1375
Œuf de Crapeur,1374
Testicules de Cocholou,1372
Cendres Novices,1365
Queue de Glourséleste,1365
Oreille de Kaniblou,1364
Touffe rousse du Flib,1364
Vieil Os de Dragoeuf,1364
Yokayu,1362
Coqauille de Dragoss Protéifc …,1361
Blague de Soufre,1356
Carapace Rouge,1354
Métaria Triame jaune,1349
Essence de la Shin Larve,1342
Fémur du Minotoror,1340
Queue de Chasquatch,1336
Clef de la salle du Minotot,1332
Œuf de Dragoeuf Ardoise,1331
Caleçon Bleu,1330
Métaria Triame verte,1328
Casque Mâchouillé,1319
Langue de Krèvladal,1316
Queue emplumée du Rasbou …,1315
Scalp de Bwariok,1307
Braguette du Maître Zoth,1304
Clef de la Fonderie des Wadc …,1302
Testicules Magiques de Mulc …,1295
Clef de la Bibliothèque du Me …,1293
Dent de Tilamproie,1288
Peau de Kanihilan,1277
Cuir de Maho Givrefoux,1269
Pédoncule de Fongeur,1261
Slip troué de Dramak,1258
Collier de Chakichan,1257
Casque Mâchouillé,1319
Langue de Krèvladal,1316
Queue emplumée du Rasbou …,1315
Scalp de Bwariok,1307
Braguette du Maître Zoth,1304
Clef de la Fonderie des Wadc …,1302
Testicules Magiques de Mulc …,1295
Clef de la Bibliothèque du Me …,1293
Dent de Tilamproie,1288
Peau de Kanihilan,1277
Cuir de Maho Givrefoux,1269
Pédoncule de Fongeur,1261
Slip troué de Dramak,1258
Collier de Chakichan,1257
Œuf de Gobus,1257
Kobalite,1248
Relique Familiale,1248
Sabot de Gliglicérin,1247
Pwimen,1240
Fleur d'Onabu-Geisha,1238
Téphra d'Atomystique,1226
Métaria bleue,1222
Métaria jaune,1220
Fronde de Boufronde,1218
Écume de mer,1216
Essence du Kwakwa,1211
Pince de Crâme,1207
Langue de Pistilangue,1205
Clef de l'antre du Dragon Cor …,1203
Poupée de Caïguille,1200
Queue d'Écumouth,1194
Oreille d'Apériglours,1192
Clef du Goulet du Rasboul,1179
Os Invisible du Chafer Invisible,1170
Œil de Feutôme,1167
Côtes de Porkass,1165
Métaria rouge,1164
Clef du Donjon des Bworks,1162
Élastique de barbe de Sanglirok,1162
Clef du Donjon des Squelettes,1158
Peau de Larve Dorée,1152
Racine du Chêne Mou,1140
Pichon d'encre,1139
Patte de Soryo Givrefoux,1134
String de Pampactus,1131
Artefact Pandawushu Eau,1127
Tentacule de Grofond,1121
Clef du Refuge sylvestre,1118
Œil de Madura,1114
Cuir du Dragon Cochon,1111
Rabmablague Nougat n° 4,1109
Gland de l'Écumouth,1104
Langue de Truchmuche,1092
Œil de Vigie Pirate,1087
Chaussette trouée de Dramak,1079
Queue de Chevrotine,1079
Pichon d'encre,1139
Patte de Soryo Givrefoux,1134
String de Pampactus,1131
Artefact Pandawushu Eau,1127
Tentacule de Grofond,1121
Clef du Refuge syivestre,1118
Œil de Madura,1114
Cuir du Dragon Cochon,1111
Rabmablague Nougat n° 4,1109
Gland de l'Écumouth,1104
Langue de Truchmuche,1092
Œil de Vigie Pirate,1087
Chaussette trouée de Dramak,1079
Queue de Chevrotine,1079
Bouée de Fantomalamère,1078
Laine de Yokaï Givrefoux,1066
Pollen de Bulbiflore,1066
Essence de Damadrya,1063
Oreilles de Wabbit Fluo,1059
Clakoss,1055
Huile de Pichon,1054
Canine de Krakal,1052
Cornée de Karni Givrefoux,1050
Armure de Tanklume,1048
Testicules du Meulou,1045
Corne Brüûlée du Minotoror,1044
Moustache du Mufafah,1042
Pédoncule de Mérulette,1040
Duvet du Kilibriss,1039
Gratrooll Industriel,1037
Fil de Néfileuse,1033
Noeul Mort,1033
Clef du Donjon des Forgerons,1027
La cambriole pour les Nuls,1018
Larve pétrifiée d'Ecaflipuce,1009
Mèche de Serpyn,1006
Poils de Koalak Griotte,1004
Dent de Gargantül,999
Sac de poissonnier frigostien,998
Œil de Harpille,997
Patte d'Arakne,995
Pelote de laine boufcoul,993
Œil de Dramanite,992
Viande Gâtée,988
Queue de Yomi Givrefoux,985
Étoffe du Wa Wabbit,983
Planche à Griller,983
Bourgeon explosif de Damac …,979
Bolas de Mattrio,978
Malléole de Yomi Givrefoux,976
Clef de la Cour du Bouftou R …,975
Spalière de Krâradia,974
Potion de Souvenir,973
Caleçon Rouge,966
Fumée Vénérable,963
Poil de barbe du Shamansot,963
Pic de Pikténia,956
Venin d'Éperfide,956
Prysmaradite Corail,955
Écorce de Floribonde,952
Omoplate de Blérom,950
Morpion de Truchideur,949
Défense du Phossile,948
Dent de Cycloporth,947
Moustaches de Cactoblongo,947
Fémur de Koalak Farouche,944
Plume du Cavalier,937
Oreille de Fleuro,935
Dents du Meulou,930
Tissu Invisible,930
Pic de Pikténia,956
Venin d'Éperfide,956
Prysmaradite Corail,955
Écorce de Floribonde,952
Omoplate de Blérom,950
Morpion de Truchideur,949
Défense du Phossile,948
Dent de Cycloporth,947
Moustaches de Cactoblongo,947
Fémur de Koalak Farouche,944
Plume du Cavalier,937
Oreille de Fleuro,935
Dents du Meulou,930
Tissu Invisible,930
Plume du Rasboul Majeur,926
Artefact de Fumrirolle,924
Étoffe de Kurookin,921
Bois Vermoulu,916
Viande Maigre,914
Broderie de Malléfisk,912
Pince de Lucrane,909
Bave de Nessil,907
Cagoule du Kanniboul Ebil,907
Défense de Gliglicérin,907
Sang de Dragon Cochon,902
Cœur de Buveur,899
Aile de Puceronde,898
Cuir de Porkass,896
Écorce d'Abrazif,895
Épine d'Ougah,895
Pépite croquée,895
Oreille de Gobosteur,892
Clef du Labyrinthe du Minotoro,888
Corne de Kamasterisk,886
Pointe de Lance de Tournoyé,883
Masque de la Vengeance,877
Poils magiques de Tanuki,876
Œil de Shokkoth,875
Masque de la Violence,874
Plume de Tofu Royal,867
Biscuit de chance,866
Protection usagée du Bworker,864
Boue Vénérable,854
Canine tranchante,848
Dent de Smilomouth,847
Diadème de Chocoligarque,844
Carapace de Ver des Sables,843
Collier de Chak Rat,843
Péroné du Marôdeur,838
Corne du Boufcoul,837
Corne de Malbois,835
Dent de Fantômat,835
Dent de Shin Larve,833
Écorce de Chiendent,826
Écusson du Sergent Zoth,825
Estomac de Tofu Ventripotent,825
Boue Vénérable,854
Canine tranchante,848
Dent de Smilomouth,847
Diadème de Chocoligarque,844
Carapace de Ver des Sables,843
Collier de Chak Rat,843
Péroné du Marôdeur,838
Corne du Boufcoul,837
Corne de Malbois,835
Dent de Fantômat,835
Dent de Shin Larve,833
Écorce de Chiendent,826
Écusson du Sergent Zoth,825
Estomac de Tofu Ventripotent,825
Coquille de Harpirate,822
Poils de Koalak Indigo,817
Essence de Malléfisk,816
Essence de la Gelée Royale,813
Artefact Pandawushu Vent,803
Oreille du Fu Mansot,799
Serrure du Coffre des Forger …,799
Lamelle de Champa Marron,798
Ulna de Solfataré,797
Caleçon Blanc,795
Amygdales du Bitouf Sombre,793
Défense du Sanglacier,793
Frimousse d'Alhyène,792
Cristal,791
Fragment d'armure,786
Mèche de bombe de Terristo …,786
Kristalite,779
Poil de Dragon Cochon,778
Aile de Mansobèse,777
Slip de Troollarai,777
Poil de Ben le Ripate,7715
Patte de Kankrebiath,773
Cuir de Cuirboule,770
_ Restes d'Esprigné,766
Fiole de fumée de Nelween,762
Huile de Frostiz,762
Poils de souris,762
Écaille de Chef Crocodaille,761
Plume de Dodox,761
Salikrone,759
Plume de Tofu,757
Poils de Barbe du Grand Pa \ …,154
Armée de Tiques,752
Huile de Mamansot,751
Peau de Bworkette,747
Silicate,747
Eau Ferrugineuse,743
Paire de boules de Haute Truch:,743
Patte de Scoliopode,742
Dragolait,741
Fleur de Blop Coco Royal,740
Plume de fesse du Kido,740
Plume de Dodox,761
Salikrone,759
Plume de Tofu,757
Poils de Barbe du Grand Pa \ …,754
Armée de Tiques,752
Huile de Mamansot,7951
Peau de Bworkette,747
Silicate,747
Eau Ferrugineuse,743
Paire de boules de Haute Truch:,743
Patte de Scoliopode,742
Dragolait,741
Fleur de Blop Coco Royal,740
Plume de fesse du Kido,740
Sépale de Nerbe,740
Shampooing au Kaliptus de £,738
Aluminite,734
Plume de Batofu,733
Canine de Félygiène,732
Patte de Pupuce,731
Bec de Mansordide,730
Porte-bonheur de Malalfa,726
Viande Noire,721
Morceau de clef Griotte,720
Graine de Lin,719
Ambre d'Abraknyde Sombre,716
Rabmablague Nougat n° 7,714
Cuir de Peunch,710
Patelle,710
Cubitus de Momie Koalak,704
Quisnoa,703
Pixel d'Éklatieth,700
Croupion du Bitouf aérien,699
Essence de Mob l'Éponge,699
Tanche,699
Duvet du Maître Corbac,693
Maxillaire de Brikoglours,687
Bois d'Aquajou,682
Écailles d'Ouroboulos,681
Morceau de clef Reinette,681
Cendres de Chause,678
Griffe de Strigide,678
Poil du Wa Wabbit,676
Mouchoir de la Gamine Zoth,675
| Serre d'Ikargn,675
Œuf de Tofubine,665
Papier Charbon,664
Toile d'Abrakne Sombre,664
Feuille de Rose Obscure,663
Ongle de Kanigrou,662
Pic de Pikoleur,661
Rabmablague Nougat n° 3,661
Perruque du Kimbo,656
Cervelle de Bouftou des Cave …,655
Rabmablague Nougat n° 2,655
Boucle d'Orfélin,653
Poil du Wa Wabbit,676
Mouchoir de la Gamine Zoth,675
Serre d'ikargn,675
Œuf de Tofubine,665
Papier Charbon,664
Toile d'Abrakne Sombre,664
Feuille de Rose Obscure,663
Ongle de Kanigrou,662
Pic de Pikoleur,661
Rabmablague Nougat n° 3,661
Perruque du Kimbo,656
Cervelle de Bouftou des Cave …,655
Rabmablague Nougat n° 2,655
Boucle d'Orfélin,653
String en Cuir de la Mama B\ …,653
Laine de Boufmouth légendaire,652
Rabmablague Nougat n° 1,650
Cristal liquide,649
Carapace de Krabouilleur,648
Cuir de Grodruche,648
Prysmaradite Émeraude,642
Clef de l'Antre de la Reine Nyée,638
Patte de Termystique,637
Poudre Juvénile,637
Crinière de Rat Blanc,634
Boule de Panthègros,633
Queue de Rat Pine,633
Protection de Funespadon,632
Rabmablague Nougat n° 6,632
Aile de Draguaindrop,628
Œil de Sapeur,625
Oreille de Croleur,625
Patte de Rat Bougri,625
Poils de Smilomouth,625
Tentacule de Tentaclaque,625
Peau de Sphincter Cell,621
Œil de Harrogant,617
Cuir d'Empaillé,616
Stapes de Frimar,615
Manche de Fouet,614
Tête de lance de Fangshu,612
Journal Intime d'Émeraude,607
Œil de Branche Soignante,607
Dent de Lévitrof,606
Laine du Royalmouth,605
Duvet de Nelween,604
Cuir d'Eskoglyphe,603
Griffe de Blérauve,603
Os de Mama Koalak,603
Plume de Dostrogo,603
Plume Pointue de Renarbo,602
Corbac Mort,601
Pierre de Dopeul,600
Clef du Donjon des Scarafeu …,599
Crocs de Rats,598
Rabmablague Nougat n° 5,598
Œil de Branche Soignante,607
Dent de Lévitrof,606
Laine du Royalmouth,605
Duvet de Nelween,604
Cuir d'Eskoglyphe,603
Griffe de Blérauve,603
Os de Mama Koalak,603
Plume de Dostrogo,603
Plume Pointue de Renarbo,602
Corbac Mort,601
Pierre de Dopeul,600
Clef du Donjon des Scarafeu …,599
Crocs de Rats,598
Rabmablague Nougat n° 5,598
Coton Ancestral,596
Clef du Nid du Kwakwa,594
Pierre de Saphir,592
Éclat Obscur,591
Viande Sanguinolente,991
Émeraude,989
Coquille de Virustine,985
Oreille de Griffotep,985
Œil du Meulou,984
Clef du Donjon des Tofus,581
Barbe du Cyclophandre,377
Arête géante du Shamansot,975
Dard de Morfrelon,975
Incus de Verglasseur,974
Bec du Timansot,371
Lanterne usée,969
Patte de Corbac,569
Fémur du Chafer Roônin,965
Charnière Cassée,964
Patte de Tofu Dodu,564
Calice du Tynril,563
Plume du Kwakwa,962
Bois d'Orme,961
Sablier miniature,560
Poils de Koalak Coco,999
Bananagrume,994
Patte de Nheur'Gueule,992
Bec de Truchon,990
Glandes de Truchtine,990
Oreille de Médibwork,550
Poil de Bworkette,990
Bractée de Chiendent,947
Fumée Juvénile,944
_ Peau de Larve Bleue,544
Gelée à la Fraise,942
Pic de Lance de Gobet,341
Prysmaradite Azurée,939
Jus de Cacterre,938
Astragale de Mécanofoux,935
Prysmaradite Cyan,935
Langue de Morsquale,934
Poils de Koalak Forestier,934
Glandes de Truchtine,990
Oreille de Médibwork,990
Poil de Bworkette,990
Bractée de Chiendent,947
Fumée Juvénile,944
_ Peau de Larve Bleue,544
Gelée à la Fraise,942
Pic de Lance de Gobet,941
Prysmaradite Azurée,939
Jus de Cacterre,938
Astragale de Mécanofoux,935
Prysmaradite Cyan,935
Langue de Morsquale,934
Poils de Koalak Forestier,534
Pousse de Malzerb,534
Capuche de Skentu,933
Cervelle de Bouftou Noir,933
Pince du Fancrôme,933
Queue de Boostache Prépubère,933
Peau de Tivelo,930
Épaulière de Ferrailleur,929
Plume de Buveur,526
Coco du Bitouf des Plaines,524
Poils d'Arakne Malade,524
Huile de Fantimonier,523
Os de Jiangshi-Nobi,923
Bourgeon d'Abraknyde Somt …,919
Sang de Karkanik,317
Petite Perle Dorée,916
Sourcil du Rasboul majeur,914
Laine de Maho Givrefoux,912
Masque de la Vivacité,912
Coquille du Kaskargo,510
Laine du Trooll Furieux,908
Feuille de Branche Soignante,905
Poil de Vétauran,903
Bois de pagaie usée,900
Boomerang du Dok Alako,500
Queue de Wolvero,900
Canine de Kanimate,497
Ambre d'Abraknyde Sombre …,496
Barbe de Seith,495
Dent de Trezz,494
Écorce d'Abraknyde Vénérable,494
| Frostiz,493
Viande Goûtue,493
incisive de Glourmand,489
Crinière fleurie,485
Rabmablague Nougat n° 8,476
Langue de Craquelope,474
Pétale Magique du Tourneso …,472
Étoffe sanglante,469
Gelée Bleuet,468
Mât de Fantômat,468
Pelage chocolaté,467
Oreille de Rhinoféroce,463
Dent de Trezz,494
Écorce d'Abraknyde Vénérable,494
Frostiz,493
Viande Goûtue,493
Incisive de Glourmand,489
Crinière fleurie,485
Rabmablague Nougat n° 8,476
Langue de Craquelope,474
Pétale Magique du Tourneso …,472
Étoffe sanglante,469
Gelée Bleuet,468
Mât de Fantômat,468
Pelage chocolaté,467
Oreille de Rhinoféroce,463
Bandeau troué de Terre,462
Plume du Mansot Royal,456
Clef du Domaine Ancestral,455
Pierre de Diamant,455
Corde du Fancrôme,454
Gelée Bleuet Royale,453
Jus de Ouassingue,453
Corne de Dragacé,452
Corne de Dragmatique,452
Baguette Rythmique,450
Sang de Viandargh,450
Lamelle de Dramanite,447
Clef du Donjon de Nowel,446
Crâne magique de Rate Atinée,446
Pixel de Gromorso,443
Rhum de Qualité,443
Poils de Black Tiwabbit,442
Faux menton du Bourbassingue,439
Peau de Don Dorgan,439
Essence du Chafer Ronin,434
Miséricorde du Chafer d'Élite,433
Poudre Vénérable,431
Coquille de Dragoss Charbon,430
Œil de Crowneille,430
Épine Dorsale de Grozilla,429
Patte de la Gardienne des Ég …,429
Os Surprise du Chafer Fanta …,427
Kamatrix,426
Teinture Magique Verdâtre,425
Peau de Don Duss Ang,424
Ongle de Goulafre,423
Plume Chimérique,422
Plume de Tofubine,420
Arakne lrascible Écrasée,419
Tête de mort,419
Pierre d'Aigue-Marine,418
Tulipe en papier,417
Écorce de Brouture,416
Poil de Rat Bontarien,416
Ailes du Scarafeuille Noir,415
Œil de Branche Invocatrice,415
Corne de Gamino,414
Teinture Magique Verdâtre,425
Peau de Don Duss Ang,424
Ongle de Goulafre,423
Plume Chimérique,422
Plume de Tofubine,420
Arakne lrascible Écrasée,419
Tête de mort,419
Pierre d'Aigue-Marine,418
Tulipe en papier,417
Écorce de Brouture,416
Poil de Rat Bontarien,416
Ailes du Scarafeuille Noir,415
Œil de Branche Invocatrice,415
Corne de Gamino,414
Peau de Minoskito,413
Essence du Bouftou Royal,411
Œil de Kanigrou,411
Oreilles du Tiwabbit,410
Peau d'Ouilleur,410
Essence de la Bworkette,409
Carpelle de Brouture,407
Flaque Novice,405
Étoffe Corailleuse,400
Feuille de Blop Royal,400
Pic de Malépik,397
Fémur de Sphincter Cell,395
Étain,394
Pistil du Tynril,394
Pom de Pin,392
Agathe,390
Queue de Fantomalamère,390
Œil de Rat Masseur,388
Carapace du Scarabosse Doré,386
Duvet de Mamansot,386
Pierre d'Agathe,386
Patte d'Abrakne irascible,385
Kapokaza,384
Oreille de Rat Plapla,384
Boule en or de Piloztère,383
Masque du Vide,383
Œil torve de Fricochère,383
Groin de Sanglier des Plaines,382
Masque du Vice,381
Crâne de Chafer,377
Millet,377
Œuf Chimérique,376
Argent,374
Charbon,374
Poils de Moon,374
Terrine,374
Coquille de Fantimonier,373
Rembourrage de Meupette,372
Laine de Boufmouth,371
Peau de Vindeux,371
Sourcil de Barbétoal,369
Cuir de Bouftonmouth,368
Masque du Vice,381
Crâne de Chafer,377
Millet,377
Œuf Chimérique,376
Argent,374
Charbon,374
Poils de Moon,374
Terrine,374
Coquille de Fantimonier,373
Rembourrage de Meupette,372
Laine de Boufmouth,371
Peau de Vindeux,371
Sourcil de Barbétoal,369
Cuir de Bouftonmouth,368
Fleur de Gloutovore,368
Bout de Blop Reinette,367
Chanvre,365
Bois de Kaliptus,364
Furoncle de la Mama Bwork,364
Étoffe du Mulou,363
Cœur du Croqueleur,359
Doigt de Branche Invocatrice,358
Artefact Pandawushu Feu,357
Bec du Kwakwa,357
Écaille de Harpirate,356
Ouvrage magique d'Aloevée …,354
Antenne de Gloursaya,353
Ailes de Moskito,352
Lamelle de Champa Vert,352
Pince de Crabe Hijacob,351
Pomme de Terre,351
Huile de Riz,349
Flaque Juvénile,348
Défense du Sanglier,347
Œil de Mandrine,347
Bois de Noisetier,345
Étoffe de Firefoux,343
Carapace Bleue,342
Poisskaille,341
Boostoplasme,339
Bout de Blop Indigo,337
Fragment d'Os,335
Oreille de Soryo Givrefoux,332
Perce-Neige,332
Queue du Boufmouth légend …,332
Picot d'El Piko,331
Tissu Pourpre,330
Incisive de Stalak,329
Mandragore,328
Carniflore,325
Mâchoire de Rib,325
Scalp de Bizarbwork,325
Griffe de Robionicle,323
Cœur de pierre poli,321
Pierre de Topaze,319
Sang de Ventrublion,319
Oreille de Soryo Givrefoux,332
Perce-Neige,332
Queue du Boufmouth légend …,332
Picot d'El Piko,331
Tissu Pourpre,330
Incisive de Stalak,329
Mandragore,328
Carniflore,325
Mâchoire de Rib,325
Scalp de Bizarbwork,325
Griffe de Robionicle,323
Cœur de pierre poli,321
Pierre de Topaze,319
Sang de Ventrublion,319
Bandeau de Black Wabbit Sq …,317
Écorce du Chêne Mou,317
Fleur de Blop Indigo,317
Patte de Masticroc,316
Cuir de Ouassingue,315
Gâtroo!l,314
Carapace de Scarafeuille Noir,313
Aile de Dragodinde Dorée,312
Crinière de Rat Noir,312
Trompe de Minoskito,312
Morceau de clef Indigo,310
Plume du Kwak de Vent,309
Slip d'Elsoummo,309
Dentier du Chafer d'Élite,308
Peau de Shin Larve,308
Poils de Boulglours,308
Épices,307
Kole,307
Peau de Crocabulia,307
Tibia de Koalak Fossoyeur,305
Plume du Serpiplume,303
Poil de Gamino,302
Sceau Royal Contrefait,302
Oreille de Foufayteur,301
Poils de Barbe du Warko Violet,299
Poils de Wo Wabbit,299
Étoffe de Dok Alako,298
Viande Fraîche,298
Chaîne de Robot Fléau,297
Relique du Kimbo,295
Canine Vampiresque,294
Cendrepierre,294
Croupion de Truchmuche,294
Peau de Raul Mops,292
Aile du Bitouf des Plaines,291
Duvet de Truchon,291
Moule de Clef de la Caverne …,290
Œil de Boufmouth de guerre,290
Écorce d'Abrakne Sombre,289
Pic de Dragodinde Rousse S:…,289
Bourgeon de Pirolienne,287
Estomac de Gliglidoudur,287
Œil de Saltik,287
Haricot,286
Viande Macérée,286
Peau de Larve Rubis,285
Peau de Moon,284
Plume du Dernier Poolay,283
Pelage aérodynamique,279
Graine de Scorbute,277
Tourbe séchée de Tourbassi: …,277
Viande Saignante,277
Bois de Bombu,276
Fleur de Blop Reinette,276
Carapace de Scaratos,275
Calice de Fécorce,273
Œil de Saltik,287
Haricot,286
Viande Macérée,286
Peau de Larve Rubis,285
Peau de Moon,284
Plume du Dernier Poolay,283
Pelage aérodynamique,279
Graine de Scorbute,277
Tourbe séchée de Tourbassi …,277
Viande Saignante,277
Bois de Bombu,276
Fleur de Blop Reinette,276
Carapace de Scaratos,275
Calice de Fécorce,273
Étoffe de Croc Gland,273
Fleur de Blop Coco,273
Miroir de Dopeul,273
Cuir de Bouftou Royal,272
Carapace Verte,271
Lamelle de Mérulette,271
Pierre de Fumrirolle,271
Crinière de Troollaraj,270
Ticket pour l'île de Moon,270
Volve de Fongeur,270
Ambre Ancestral,269
Manganèse,269
Soie Baveuse,269
Estomac de Black Wo Wabbit,268
Pustule de Rat Sio,268
Sphère à Métarias,265
Poils de Barbe de Dragodinde,264
Canif Rouillé,263
Boulon de Cybwork,262
Eau de Kwapa,262
Échasse de Molette,262
Gant de Sherpoa,262
Peau de Drakoalak,262
Pichon Magique,262
Bec du Kwak de Flamme,260
Poil de Rat Brâkmarien,260
Pixel de Brikablak,259
Bocal,258
Croissant de Tsukinochi,258
Nacre brute,257
Place de Concert de Diamantine,257
Élastique de Gobvious,256
Pixel de Segmantid,253
Écharpe de Hanshi,252
Plume du Kwak de Flamme,251
Poils de Koalak Reinette,251
Croc de Dragoeuf Protecteur,250
Pagne de Trantroa,249
Pommes de Terre épluchées,249
Morceau de clef Coco,248
Queue du Mulou,248
Gratrooll,247
Croissant de Tsukinochi,258
Nacre brute,257
Place de Concert de Diamantine,257
Élastique de Gobvious,256
Pixel de Segmantid,253
Écharpe de Hanshi,252
Plume du Kwak de Flamme,251
Poils de Koalak Reinette,251
Croc de Dragoeuf Protecteur,250
Pagne de Trantroa,249
Pommes de Terre épluchées,249
Morceau de clef Coco,248
Queue du Mulou,248
Gratrooll,247
Calumet Zoth,246
Racine d'Abraknyde Vénérable,246
Étoffe de Kaniglou,245
Noix de Grokoko Traumatisée,244
Tuyau Rouillé de Rate lboisée,244
Queue de Rat d'Hyoactif,240
Avoine Magique,239
Bourgeon de Fourbasse,239
Carapace Jaune,239
Plumeau de Tofuzmo,237
Pommeau d'Epée,237
Bout de Blop Griotte,236
Fleur de Blop Griotte,236
Sourcil de Moskito,236
Écaille de Crocodaille,235
Citron,234
Viande de Brousse,234
Cuir du Sanglacier,233
Cuir de Gliglibido,232
Antennes du Scarabosse Doré,231
Chaîne de Panthègros,229
Fleur de Kaliptus,228
Graine de Chanvre,228
Parchemin de Cactana,227
Touffe de cheveux de Soissantl,227
Foulard du Sparo,226
Peau de Cochon de Farle,226
Poils de Guerrier Koalak,226
Huile de Noix,225
Œil d'Abrakne,224
Peau de Larve Orange,224
Fleur de Cactiflore,223
Bulbe Passaoh,219
Touffe de Poils de Rubise,219
Clavicule de Boufmouth,218
Corne de Boufmouth de guerre,218
Lame brisée de Lichangoro,218
Feuille de Kaliptus,216
Œuf de Dragoeuf Charbon,216
Os de Pékeualak,216
Épaulière de Troolligark,215
Slip en cuir du Chafer Lancier,214
Plume de Gélikan,213
Poil de Skeunk,212
Bauxite,211
Pierre de Serpiplume,211
Cuir de Capsaaloocke,210
Manuel du Directeur Grunob,209
Poil de Gliglitch,209
Pierre de Rubis,208
Pompon Brunâtre,206
Paupière d'Étoile,205
Peau de Dragueuse,205
Minerai Étrange,203
Oreille de Kakoalak,203
Pierre de Cristal,203
Plume de Gélikan,213
Poil de Skeunk,212
Bauxite,211
Pierre de Serpiplume,211
Cuir de Capsaaloocke,210
Manuel du Directeur Grunob,209
Poil de Gliglitch,209
Pierre de Rubis,208
Pompon Brunâtre,206
Paupière d'Étoile,205
Peau de Dragueuse,205
Minerai Étrange,203
Oreille de Kakoalak,203
Pierre de Cristal,203
Bec de Gélikan,202
Espadon,202
Œil de Cocholou,201
Boomerang du Warko Marron,200
Osier Sombre,200
Feuille de Blop Multicolore Rt …,199
Fragment de cerveau poli,198
Cloaque du Poolay,197
Groin de Sanglier,197
Patte de Gruche,197
Tuf de Mofette,197
Pierre de Mofette,196
Bois de Merisier,195
Patte de Tofukaz,193
Poil de Rat d'Égoutant,193
Œil de Phozami,191
Oreille de Bouledogre,191
Graine de Pandouille,190
Pixel de Farfacette,190
Coquille de Dragoeuf Charbon,189
Griffe de Félygiène,189
Écaille de Dragoss Charbon,187
Griffe de Phorrêveur,187
Carapace de Scorbute,185
Groin de Dragon Cochon,185
Or,185
Antennes de Scarafeuille Noir,184
Étoffe d'Écurouille,184
Écaille de Dragoss Calcaire,183
Bandeau de Nakunbra,181
Coccyx du Corailleur,181
Feuille de Tournesol Sauvage,181
Épaulière de Kabushido,180
Relique du Tynril,180
Œil de Craquelope,179
Viande Exsudative,179
Bec du Kwak de Glace,178
Peau de Crachefoux,178
Queue de scorbute,178
Vieille Partition,178
Morceau de caleçon de Gourlo,177
Laine du Minotoror,176
Écaille de Dragoss Calcaire,183
Bandeau de Nakunbra,181
Coccyx du Corailleur,181
Feuille de Tournesol Sauvage,181
Épaulière de Kabushido,180
Relique du Tynril,180
Œil de Craquelope,179
Viande Exsudative,179
Bec du Kwak de Glace,178
Peau de Crachefoux,178
Queue de scorbute,178
Vieille Partition,178
Morceau de caleçon de Gourlo,177
Laine du Minotoror,176
Clef de la Cache de Kankreblatt,175
Étoffe de Vigie Pirate,175
Peau de Dragnarok,175
Racine d'Abraknyde Ancestral,175
Vieux Bouquin de Rat Li,172
Coque Endommagée,171
Bandeau troué d'Air,170
Langue de Kraméléhon,170
Bulbe Morito,169
Pépite,169
Bandeau troué de Feu,168
Essence de Kardorim,165
Graine de l'Abrakleur sombre,165
Linceul,165
Nectar de l'Orient,165
Peau de Mansobèse,165
Œuf de Dragoeuf Calcaire,164
Sacrum magistral,164
Sang de Scorbute,164
Ailes de Scarafeuille Blanc,163
Bar Rikain,162
Poupée Vaudou Sarbak,162
Masque Cassé d'Araknotron …,160
Plume de Truchideur,160
Poil de Troolléolé,159
Dédicace de Skeunk pour Ém …,158
Planche Contreplaquée,158
Plume de Crowneille,157
Épine de Bulbuisson,156
Fémur du Chafer Archer,156
Écaille de Grozilla,155
Bandeau troué d'Eau,154
Peau de Draguaindrop,154
Étoffe de Foufayteur,153
Œuf Pourri,153
Patte de Bouledogre,153
Peinture noire,153
Écorce d'Abraknyde,152
Slip en Cuir Moulant du Garg …,151
Eau calme,150
Lait de Cochon de Lait,148
Tranche de Nodkoko,148
Lance de Chika Rat,147
Canine de Mergranlou,146
Plume du Maître Corbac,146
Sourcils de Tronknyde,146
Bec du Kido,145
Lance-Pierre de Scélée Rate,145
Ruban d'Uchiwang,145
Sacoche de Kartouche,145
Bidule inutile,144
Gelée Menthe Royale,143
Tissu Sombre,142
Viande Avariée,142
Foulard de Milimaître,141
Queue du Fu Mansot,141
Lance de Chika Rat,147
Canine de Mergranlou,146
Plume du Maître Corbac,146
Sourcils de Tronknyde,146
Bec du Kido,145
Lance-Pierre de Scélée Rate,145
Ruban d'Uchiwang,145
Sacoche de Kartouche,145
Bidule inutile,144
Gelée Menthe Royale,143
Tissu Sombre,142
Viande Avariée,142
Foulard de Milimaître,141
Queue du Fu Mansot,141
Morue,140
Scalp du Meulou,140
Bois de Charme,139
Dent de Garglyphe,139
Tranche Magique de Krambu …,139
Aile de Dragodinde,138
Mojo de Mergranlou,138
Dent du Kharnozor,137
Gelée Citron Royale,136
Courroie en cuir,135
Œil de Tofu Noir,135
Carapace de Scarafeuille Bleu,134
Pince de Crabe,134
Poils de Darit,134
Racine d'Abraknyde Sombre,134
Fragment de Pierre Polie,133
Laine de Ramane Strubien,133
Peau de Métaphorreur,133
Aubergine,132
Bec de Vilain Petit Tofu,130
Crâne de Kardorim,130
Écaille de Grasmera,130
Patte de Wabbit,130
Rouflaquettes d'Halouine,130
Bulbe Kouraçao,129
Cawotte Transgénique,129
Perche,129
Lait de Tortue,128
Cendres de Tofutoflamme,127
Écorce de Liroye Merline,127
Fibre de Chanvre,127
Poil de Chachachovage,127
Baguette de Tétonuki,126
Corne de Père Phorreur,126
Oreille de Douzdoa,126
Herbe Folle,125
Maïs,124
Nœud de Marin,123
Bois de Bambou,120
Queue de Dragodinde Rouss:…,119
Tige de Bambouto,119
Bec du Kwak de Vent,118
Cendres de Tofutoflamme,127
Écorce de Liroye Merline,127
Fibre de Chanvre,127
Poil de Chachachovage,127
Baguette de Tétonuki,126
Corne de Père Phorreur,126
Oreille de Douzdoa,126
Herbe Folle,125
Maïs,124
Nœud de Marin,123
Bois de Bambou,120
Queue de Dragodinde Rouss: …,119
Tige de Bambouto,119
Bec du Kwak de Vent,118
Chicot du Flib,118
Huile de Sésame,118
Muqueuse de Moumoule,117
Peau de Mob l'Éponge,117
Viande Ladre,117
Tambour de Gobaladée,116
Graine de Tournesol,115
Tronc de Kokoko,115
Mait,114
Teinture Magique de Rougeur,114
Cuir de Déminoboule,113
Ferrite,113
Longue-vue de Gob-Trotteur,113
Plume de Piou Vert,113
Barbe inexistante du Barbror …,111
Bout de Blop Coco,111
Conque Marine,111
Peau de Krambwork,111
Peau de Gériatique,110
Plume de Domoizelle,110
Essence de Batofu,108
Pierre du Craqueleur Légendaire,108
Poterie cassée de Lolojiki,108
Bandelette du Guerrier Koalak,107
Corne de Berserkoffre,106
Crème à bronzer,106
Flocon de Neige Doré,106
Patte de Twakeuf,106
Sporme du Champ Champ,106
Chélicères d'Arapex,105
Étoffe de Gliglidoudur,105
Langue de Gargrouille,105
Bol,104
Masque de Shinibaru,104
Short de Capoei Rat,104
Ballon rouge,103
Corne de Chef de Guerre Bou …,103
Seigle,103
Ficelle en Lin,102
Boule polie,101
Clef des Champs,101
Gelée Fraise Royale,101
Sporme du Champ Champ,106
Chélicères d'Arapex,105
Étoffe de Gliglidoudur,105
Langue de Gargrouille,105
Bol,104
Masque de Shinibaru,104
Short de Capoei Rat,104
Ballon rouge,103
Corne de Chef de Guerre Bou …,103
Seigle,103
Ficelle en Lin,102
Boule polie,101
Clef des Champs,101
Gelée Fraise Royale,101
Bois de Bambou Sombre,100
Crinière d'Orfélin,98
Deuxième partie de la clef di …,98
Plume du Kwak de Terre,98
Graine de Pavot,97
Sarbacane en Bambou,97
Bonnet de Gobaliste,96
Cœur de Brandon,96
Essence du Directeur Grunob,96
Corne de Mominotor,95
Bec du Kwak de Terre,94
Bec du Tofu,94
Bois d'Ébène,94
Bois de Bambou Sacré,94
Crâne de Wabbit Squelette,94
Dent en Or de Craqueleur,94
Barbe du Chouque,93
Peau de Rouquette,93
Plume du Kwak de Glace,93
Caleçon Mignon du Pirate,92
Cendres Éternelles,92
Coquille de Dragoss Ardoise,92
Cuir de Scélérat Strubien,92
Blop Mort,91
Viande Faisandée,91
Ailes du Scarabosse Doré,90
Corne de Dragoss Calcaire,89
Prysmaradite Prasine,89
Corde de Boursoin,88
Grande fiole,88
Osier Enchanté,88
Belladone,87
Papatte de Croc Gland,87
Prysmaradite Ambrée,87
Corail Passaoh,86
Pic de Prespic,86
Poils du Minotoror,86
Ailes de Scarafeuille Bleu,85
Langue de Mimikado,85
Pince de Scorbute,85
Bois de Chêne,84
Crâne de Chef Crocodaille,84
Corde de Boursoin,88
Grande fiole,88
Osier Enchanté,88
Belladone,87
Papatte de Croc Gland,87
Prysmaradite Ambrée,87
Corail Passaoh,86
Pic de Prespic,86
Poils du Minotoror,86
Ailes de Scarafeuille Bleu,85
Langue de Mimikado,85
Pince de Scorbute,85
Bois de Chêne,84
Crâne de Chef Crocodaille,84
Poils de Boumbardier,84
Casque de Wobot,83
Poil de Wobot Kiafin,83
Bois d'Érable,82
Boulet de Canondorf,82
Écorce d'Abraknyde Ancestral,82
Lamelle de Champa Rouge,82
Œil de Truchtine,82
Bave de Rose Démoniaque,81
Boule à neige foire du trooll,81
Collier Cassé de Macien,81
Deuxième clef du Donjon de …,81
Nageoire de Compétition,81
Bandelette de Tromblion,80
Trukikol Mort,80
Intestin d'Araknosé,78
Plume de Piou Rouge,78
Viande Persillée,78
Bois de Pin,77
Poils de Pétartifoux,77
Première clef du Donjon de £ …,77
Viande Frelatée,77
Houpette de Vilain Petit Tofu,76
Méga Pierre du Craqueleur,76
Racine d'Abraknyde,76
Glande d'Arak-haï,75
Résine,75
Aile de Dragodinde Rousse © …,74
Edelweiss,74
Poudre de Perlinpainpain,74
Poupée Vaudou Eth,74
Peau de Mandrine,73
Riz,73
Laine de Boufton Noir,72
Pétale Kouraçao,71
Antennes de Scarafeuille Bleu,70
Antennes de Scarafeuille Rouge,70
Griffe de Muloubard,70
Lamelle de Champa Bleu,70
Lotte,70
Gelée de Dégelée,69
Masque Brisé d'Araknotron,69
Boomerang Abîmé de Diams …,68
Ginseng,68
Morceau de clef du Midi Wa; …,68
Bois d'if,67
Cuir de Gargrouille,67
Lait de Porsalu,67
Orchidée Freyesque,67
Ambre d'Abraknyde,66
Clef du Château Ensablé,66
Dent de Tofu Mutant,66
Feuille de Salace,66
Fléau de Robot Fléau,66
Sternum de Chachachovage,66
Antennes de Scarafeuille Blanc,65
Boomerang Abîmé de Diames …,68
Ginseng,68
Morceau de clef du Midi Wa; …,68
Bois d'If,67
Cuir de Gargrouille,67
Lait de Porsalu,67
Orchidée Freyesque,67
Ambre d'Abraknyde,66
Clef du Château Ensablé,66
Dent de Tofu Mutant,66
Feuille de Salace,66
Fléau de Robot Fléau,66
Sternum de Chachachovage,66
Antennes de Scarafeuille Blanc,65
Antennes de Scarafeuille Vert,65
Poils de Mulounoké,65
Bec de Kwakao,64
Braise de Tofutoflamme,64
Dent de Bourbassingue,64
Sac à Patates Sombre,64
Ballon bleu,63
Fleur de Gloutoblop,63
Boue du Boo,62
Dent de Molette,62
Glouto Rhum,62
Os de Mastodonte,62
Épine du Champ Champ,61
Flamme Spectrale,61
Relique du Rasboul Majeur,61
Akaslip d'Akakwa,60
Cuivre,60
Poils de Founamboul,60
Coquille de Dragoss Argile,59
Estomac de Mansocolat,59
Oreille percée du Fricochère,59
Plume de Piou Jaune,59
Antenne de Trésantène,08
Bronze,98
Coquille de Dragoeuf Calcaire,08
Maillot de corps de Barbroussa,98
Tresse du Koulosse,98
Boulier Zoth,7
Champignon Luidegiît,7
Patte d'Arakne Magique,7
Œil de Raul Mops,26
Aile du Tofu Maléfique,55
Eau Potable,95
Étoffe de Ouassingue,995
Étoffe de Rat Bougri,95
Gelée à la Menthe,995
Pétale Morito,95
Enrobage de Chocoskargo,93
Casque de Martoa,02
Osselet de Black Wabbit Squ …,92
Patte d'Arakne des Égouts,92
Pétale Malibout,92
Champignon Luidegfit,7
Patte d'Arakne Magique,7
Œil de Raul Mops,96
Aile du Tofu Maléfique,95
Eau Potable,95
Étoffe de Ouassingue,95
Étoffe de Rat Bougri,95
Gelée à la Menthe,95
Pétale Morito,95
Enrobage de Chocoskargo,93
Casque de Martoa,02
Osselet de Black Wabbit Squ …,92
Patte d'Arakne des Égouts,92
Pétale Malibout,52
Poudre Temporelle,92
Queue de Scordion Bleu,92
Viande Rassie,92
Bandelettes,31
Bois d'Oliviolet,31
Canine de Gobelin,91
Houpette de Koalak Sanguin,91
Lunettes de Parashukouï,31
Coquille de Dragoeuf Argile,90
Étoffe de Draegnerys,90
Tignasse de Kanihilan,50
Écaille de Dragoss Ardoise,49
Slip en cuir de Cochon de Lait,49
Baballe,48
Croupion de Tofuzmo,48
Jouet de Gamine Zoth,48
Lin,48
Éclat du Mawabouaino,47
Noix de Cajou,47
Oreille de Bouftonmouth,47
Oreille de Kaniglou,47
Oreille du Grand Pa Wabbit,47
Plume Graisseuse du Tofu V …,47
Poils de Barbe du Bwork Mage,47
Queue de Mère Veilleuse,47
Viscères de Scorbute,47
Aile de Bourdard,46
Ailes de Scarafeuille Vert,46
Bois de Noyer,46
Carapace de Scarafeuille Blanc,46
Fibre criminelle,46
Humérus du Sparo,46
Œil de Crabe Hijacob,46
Épingle à Cheveux de Saphira,45
Huile à frire,45
Pétale de Rose Démoniaque,45
Pierre Médicinale,44
Scalp de Bwork Archer,44
Bourgeon d'Abraknyde,43
Pistil de Floristile,43
Poil d'Ouginak,43
Bâton de Blanc Pa Wabbit,42
Pic de Dragodinde Dorée,42
Plume de Piou Bleu,42
Plume du Timansot,42
Queue de Croc Gland,42
Brochet,41
Estomac de Tofukaz,41
Plume de Corbac Apprivoisé,41
Requin Marteau-Faucille,41
Viande Séchée,41
Bulbe Malibout,40
Écaille de Dragoss Argile,40
Peau de serpentin,40
Tissu de Graboule,40
Anguille,39
Pic de Dragodinde Dorée,42
Plume de Piou Bleu,42
Plume du Timansot,42
Queue de Croc Gland,42
Brochet,41
Estomac de Tofukaz,41
Plume de Corbac Apprivoisé,41
Requin Marteau-Faucille,41
Viande Séchée,41
Bulbe Malibout,40
Écaille de Dragoss Argile,40
Peau de serpentin,40
Tissu de Graboule,40
Anguille,39
Coquille de Dragoeuf Ardoise,39
Estomac de Ouassingue,39
Serviette de Plage,39
Branche de Tiwabbit Kiafin,38
Couteau de Roukouto,38
Grelot,38
Étoffe du Sanglier,37
Menthe Sauvage,37
Pierre Précieuse Zoth,37
Poisson Pané,37
Œil de Ramane Strubien,36
Peau de Gloot,36
Poing rocheux d'Ishigro Pake,36
Raie Bleue,36
Tendon de Waccro,36
Bois Envoüté,35
Dent de Dragodinde,35
Houblon,35
Kobalte,35
Mesure de Poivre,35
Viscères de Scarafeuille,35
Pétale Passaoh,34
Pétale de Gloutoblop,33
Carapace vide de Crabe,32
Crinière de Scélérat Strubien,32
Duvet de Tofoune,32
Rose des sables,32
Fer,31
Pollen de Blopignon,31
Poudre d'Artifice,31
Sable Fin,31
Tête de Marteau en Jade,31
Tube longiforme,31
Ambre,30
Bombe de Graboule,30
Bracelet de Ino-Naru,30
Huile de Palme,30
Œil d'Arakmuté,30
Viande Minérale,30
Kralamoure,29
Langue de Grenufar,29
Relique du Corailleur Magistral,29
Pollen de Blopignon,31
Poudre d'Artifice,31
Sable Fin,31
Tête de Marteau en Jade,31
Tube longiforme,31
Ambre,30
Bombe de Graboule,30
Bracelet de Ino-Naru,30
Huile de Palme,30
Œil d'Arakmuté,30
Viande Minérale,30
Kralamoure,29
Langue de Grenufar,29
Relique du Coraïilleur Magistral,29
Scalp de Mulounoké,29
Fluide Glacial,28
Laine de Bouftou,28
Ours Déchiqueté,28
Viande Hachée,28
Dorade Grise,27
Venin de Serpentin,27
Bave de Ouassingue,26
Boules de Kanniboul,26
Cuir de Boostache Prépubère,26
Enfumoir Zoth,25
Langue d'Épouvanteur,25
Oignon,25
Os de Crocodaille,25
Chaînes Brisées,24
Katana de Kwamouraï,24
Liquide vampiresque,24
Pièce du Puzzle de la Griffe,24
Relique d'incarnam,24
Sauge,24
Ver d'Air,24
Cerise,23
Pierre d'Émeraude,23
Bois de Frêne,22
Estomac de Wo Wabbit,22
Moustache précieuse,22
Paille Vampiresque,22
Queue de Dragodinde,22
Dent de Larve Saphir,21
Dose de jus goûtu,21
| Fruit de Palme,21
Relique de Gourlo le Terrible,21
Touffe de Cheveux Blancs,21
Vieille Ventouse de Kralamoure,21
Fil de Soie,20
Graine de la Discorde,20
Pince de Crustorail,20
Carpe d'lem,19
Cuir du Cochon de Lait,19
Dent de Larve Champêtre,19
Noix de Kokoko,19
_ Peau de Larve Verte,19
Dent de Larve Saphir,21
Dose de jus goûtu,21
Fruit de Palme,21
Relique de Gourlo le Terrible,21
Touffe de Cheveux Blancs,21
Vieille Ventouse de Kralamoure,21
Fil de Soie,20
Graine de la Discorde,20
Pince de Crustorail,20
Carpe d'lem,19
Cuir du Cochon de Lait,19
Dent de Larve Champêtre,19
Noix de Kokoko,19
_ Peau de Larve Verte,19
Queue de Prespic,19
Sang de Bouftou,19
Dent de Wadidict,18
Peau de Roukouto,18
Pétale Diaphane,18
Pierre du Craqueleur,18
Queue de Fennex,18
Champignon,17
Fraise,17
Kokopaille,17
Œil Bionique,17
Sac à Patates Clair,17
Clef de l'Arche d'Otomaï,16
Peau de Larve Saphir,16
Bourse Suspecte,15
Colonne Vertébrale,15
Graisse Gélatineuse,15
Laine du Boufcoul,15
Œil de Kwoan,15
Os rongé de Gobichon,15
Peau de Larve Champêtre,15
Poils du Milimulou,15
Mesure de sel,14
Poisson-Chaton,14
Rondelles de Milirat Strubien,14
Moustache de Kolérat,13
Poupée Vaudou Jav,13
Sang de Vampire,13
Sardine Brillante,13
Fleur de Blopignon,12
Orge,12
Plume de Piou Rose,12
Corail Morito,11
Fragment de Pierre Pointue,11
Oreille de Guerrier Mental,11
Ortie,11
Reflet onirique,11
Scalp de Milimulou,11
Trèfle à 5 feuilles,11
Ailes de Scarafeuille Rouge,10
Kamiam,10
Livre du Bwork Mage,10
Sardine Brillante,13
Fleur de Blopignon,12
Orge,12
Plume de Piou Rose,12
Corail Morito,11
Fragment de Pierre Pointue,11
Oreille de Guerrier Mental,11
Ortie,11
Reflet onirique,11
Scalp de Milimulou,11
Trèfle à 5 feuilles,11
Ailes de Scarafeuille Rouge,10
Kamiam,10
Livre du Bwork Mage,10
Pièce du Trésor du Badoul,10
Plume de Piou Violet,10
Plume de Thomondor,10
Queue de Black Wabbit,10
Salopette Kwapa,10
Œuf de Tofu,9
Viande Tendre,9
Volve d'Aminite,9
Bandelette du Mominotor,8
Boîte de Vétauran,8
Chaîne de l'Ouginak,8
Corail Malibout,8
Mâchoire du Chafer Draugr,8
Patte d'Arakne Majeure,8
Peau Égrotante,8
Rabmablague Caramel n° 5,8
Sueur Froide de Fantôme,8
Arakne Majeure Morte,7
Avoine,7
Corail usé,7
Crabe Sourimi,7
Œil de Léolhyène,7
Patte de Scorbute,7
Blague Glutine,6
Boulon Wabbit,6
Corne de Boufton,6
Cuir de Porsalu,6
Encre d'Oktapodas,6
Lait de Dragodinde,6
Peau de Rat,6
Slip en cuir de Porkass,6
Cuir du Boufcoul,
Emballage Suspect,5
Étoffe du Wabbit,
Greuvette,3
Œil de Pikdoa,5
Os de Chafer,
Peau de Koalak Immature,5
Peau de Larve Émeraude,
_ Peau de Larve Jaune,5
Poil d'Abrakne,3
Poupée Vaudou Ark,5
Lait de Dragodinde,6
Peau de Rat,6
Slip en cuir de Porkass,6
Cuir du Boufcoul,
Emballage Suspect,5
Étoffe du Wabbit,
Greuvette,
Œil de Pikdoa,
Os de Chafer,5
Peau de Koalak Immature,
Peau de Larve Émeraude,
_ Peau de Larve Jaune,5
Poil d'Abrakne,
Poupée Vaudou Ark,5
Rabmablague Caramel n° 1,
Rabmablague Caramel n° 2,
Rabmablague Caramel n° 3,5
Rabmablague Caramel n° 4,
Rabmablague Caramel n° 6,5
Rabmablague Caramel n° 7,3
Rabmablague Caramel n° 8,
Rabmablague Citron n° 1,3
Rabmablague Citron n° 2,
Rabmablague Citron n° 3,
Rabmablague Citron n° 4,5
Rabmablague Citron n° 5,5
Rabmablague Citron n° 6,
Rabmablague Citron n° 7,5
Rabmablague Citron n° 8,
Rabmablague Fraise n° 1,3
Rabmablague Fraise n° 2,
Rabmablague Fraise n° 3,
Rabmablague Fraise n° 4,
Rabmablague Fraise n° 5,3
Rabmablague Fraise n° 6,
Rabmablague Fraise n° 7,5
Rabmablague Fraise n° 8,
Rabmablague Kola n° 1,
Rabmablague Kola n° 2,
Rabmablague Kola n° 3,5
Rabmablague Kola n° 4,
Rabmablague Kola n° 5,5
Rabmablague Kola n° 6,
Rabmablague Kola n° 7,
Rabmablague Kola n° 8,5
Rabmablague Orange n° 1,5
Rabmablague Orange n° 2,
Rabmablague Orange n° 3,5
Rabmablague Orange n° 4,
Rabmablague Orange n° 5,5
Rabmablague Orange n° 6,
Rabmablague Orange n° 7,
Rabmablague Orange n° 8,
Slip de Bwork Archer,
Viande Intangible,
Boule de Boulépique,4
Rabmablague Kola n° 6,
Rabmablague Kola n° 7,
Rabmablague Kola n° 8,
Rabmablague Orange n° 1,
Rabmablague Orange n° 2,
Rabmablague Orange n° 3,5
Rabmablague Orange n° 4,
Rabmablague Orange n° 5,5
Rabmablague Orange n° 6,
Rabmablague Orange n° 7,5
Rabmablague Orange n° 8,
Slip de Bwork Archer,
Viande Intangible,
Boule de Boulépique,4
Dent de Kwoan,4
Goujon,4
Graine de Sésame,4
Ivoire,4
Main de Boo,4
Noisette,4
Noix de Pécan,4
Chauve-souris,3
Corne de Buffalourd,3
Cuir de Bouftou Noir,3
Épaulière de Bwork,3
Moustaches de Tiwabbit,3
Ver de Terre,3
Blé,2
Bougie du Mineur Sombre,2
Clef de la Crypte de Kardorim,2
Cœur de Craqueleur,2
Dent de Wabbit,2
Dofus Blanc,2
Écaille poisseuse,2
Fleur de Pissenlit Diabolique,2
Fragment d'Épée Reptilienne,2
Griffes de Kwak,2
Laine Céleste,2
Langue de Tiwabbit Kiafin,2
Module optique,2
Pic de Dragodinde,2
Planche Agglomérée,2
Queue de Sanglier des Plaines,2
Ailes cassées,1
Antennes de Vilinsekt,1
Bandeau du Black Tiwabbit,1
Bave de Bouftou,1
Bois de Châtaignier,1
Bouclier Reptilien,1
Boue Juvénile,1
Capsule Explosive,1
Carapace de Scarafeuille Rouge,1
Carapace de Scarafeuille Vert,1
Casque cassé,1
Casque cassé de Bwork,1
Casque du Chafer Primitif,1
Queue de Sanglier des Plaines,2
Ailes cassées,1
Antennes de Vilinsekt,1
Bandeau du Black Tiwabbit,1
Bave de Bouftou,1
Bois de Châtaignier,1
Bouclier Reptilien,1
Boue Juvénile,1
Capsule Explosive,1
Carapace de Scarafeuille Rouge,1
Carapace de Scarafeuille Vert,1
Casque cassé,1
Casque cassé de Bwork,1
Casque du Chafer Primitif,1
Cœur de Boue du Boo,1
Côtes du Rib,1
Croc de Trankilou,1
Dent de Larve Émeraude,1
Dent de Larve Rubis,1
Engrais,1
Feu Intérieur,1
Flèche du Chafer Archer,1
Fourrure de Timongouste,1
Gelée Citron,1
Gelée Sbihaine,1
Gland,1
Griffe de Grolours,1
Laine du Chef de Guerre Bou …,1
Langue d'Étoile,1
Levure de Boulanger,1
Œil de Boufton,1
Oreilles de Croc Gland,1
Passe pour l'ilot Estitch,1
Patte de Black Wabbit,1
Pétale de Tournesol Sauvage,1
Pierre de Crystaloboule,1
Pierre de Granit,1
Poils de Croc Gland,1
Poupée Vaudou Tam,1
Queue de Chapardam,1
Racine de Tronkoblop,1
Rondelle de Bois,1
Souris verte,1
Sueur de dragodinde,1
Trident Cassé,1
Truite,1
Ver d'Eau,1
Ver de Feu,1
Archeton,
Ballon vert,
Banane,
Bilboquet Du Maître Corbac,
Bois de Chêne Mou,
Bois de Kaerlier,
Bois élastique,
Bon 1000 Kek,
Souris verte,1
Sueur de dragodinde,1
Trident Cassé,1
Truite,1
Ver d'Eau,1
Ver de Feu,1
Archeton,
Ballon vert,
Banane,
Bilboquet Du Maitre Corbac,
Bois de Chêne Mou,
Bois de Kaerlier,
Bois élastique,
Bon 1000 Kek,
Bon 10000 Kek,
Bon 2000 Kek,
Bon 5000 Kek,
Bout de Goldemort,
Carte d'Araknas,
Carte d'Ekar Hahib,
Carte de Kwelsh,
Carte de Machab le Sanguinaire,
Carte de Marie Ride,
Carte de la Capitaine Hébreuze,
Corde à Sauter du Captain CI.,
Coupon du lecteur 3/3,
Crâne d'Ecaflip,
Crâne d'Eliotrope,
Crâne d'Eniripsa,
Crâne d'Enutrof,
Crâne d'Huppermage,
Crâne d'Osamodas,
Crâne d'Ouginak,
Crâne de Crâ,
Crâne de Féca,
Crâne de lop,
Crâne de Pandawa,
Crâäne de Roublard,
Crâne de Sacrieur,
Crâne de Sadida,
Crâne de Sram,
Crâne de Steamer,
Crâne de Xéior,
Crâne de Zobal,
Dissolvant Phosphorescent,
Eau transmutée,
Essence de Kabahal,
Essence de l'Éternel Conflit,
Faux du Maître Corbac,
Feuille de ronce d'Hestia,
Fleur de Lotus,
Hochet du Dark Vlad,
Jeton de la Foire du Trool,
Jeton du Maitre de Jeu,
Jus de Viande sain,
Kama énigmatique,
Crâne de Xélor,
Crâne de Zobal,
Dissolvant Phosphorescent,
Eau transmutée,
Essence de Kabahal,
Essence de l'Éternel Conflit,
Faux du Maître Corbac,
Feuille de ronce d'Hestia,
Fleur de Lotus,
Hochet du Dark Vlad,
Jeton de la Foire du Trool,
Jeton du Maître de Jeu,
Jus de Viande sain,
Kama énigmatique,
Légende du Destin,
Liquide mauve,
Module d'analyse,
Module d'impression,
Nonos,
Orange,
Os taillé,
Outil de rapiéçage,
Parchoton,
Pastèque,
Peau de Dragoeuf Albâtre,
Peau de Milimilou,
Petit caillou,
Poire,
Pousse de Tanfouguite,
Pousses de Bambou,
Purée pique-fêle,
Rechercheton,
Rubis onirique,
Sac de bijoutier frigostien,
Sac de bricoleur frigostien,
Sac de cordonnier frigostien,
Sac de forgeur d'épées frigo: …,
Sac de forgeur de boucliers f,
Sac de forgeur de dagues fri,
Sac de forgeur de haches frit …,
Sac de forgeur de pelles frigc,
Sac de sculpteur de baguette …,
Sac de forgeur d'épées frigo: …,
Sac de forqeur de boucliers f …,
Sac de forgeur de daques fri.,
Sac de forgeur de haches frit …,
Sac de forgeur de pelles frigc …,
Sac de sculpteur de baguette,
Sac de sculpteur de bâtons f,
Symbole de l'étrange,
Ticket de loterie,
Truite Vaseuse,
Vertu d'harmonie suprême,
Verveine,
Vieux Trefle à 4 feuilles,
Weischelcreme Torte,
Sac de forgeur d'épées frigo: …,
Sac de forgeur de boucliers f,
Sac de forgeur de daques fri …,
Sac de forqgeur de haches fric.,
Sac de forgeur de pelles frigc …,
Sac de sculpteur de baguette,
Sac de sculpteur de bâtons f …,
Symbole de l'étrange,
Ticket de loterie,
Truite Vaseuse,
Vertu d'harmonie suprême,
Verveine,
Vieux Trèfle à 4 feuilles,
Weischelcreme Torte,
Sac de forgeur d'épées frigo: …,
Sac de forgeur de boucliers f,
Sac de forgeur de daques fri …,
Sac de forqgeur de haches fric.,
Sac de forgeur de pelles frigc …,
Sac de sculpteur de baguette,
Sac de sculpteur de bâtons f …,
Symbole de l'étrange,
Ticket de loterie,
Truite Vaseuse,
Vertu d'harmonie suprême,
Verveine,
Vieux Trèfle à 4 feuilles,
Weischelcreme Torte,
Sac de forgeur d'épées frigo: …,
Sac de forgeur de boucliers f,
Sac de forgeur de daques fri …,
Sac de forqgeur de haches fric.,
Sac de forgeur de pelles frigc …,
Sac de sculpteur de baguette,
Sac de sculpteur de bâtons f …,
Symbole de l'étrange,
Ticket de loterie,
Truite Vaseuse,
Vertu d'harmonie suprême,
Verveine,
Vieux Trèfle à 4 feuilles,
Weischelcreme Torte,
Sac de forgeur d'épées frigo: …,
Sac de forgeur de boucliers f,
Sac de forgeur de daques fri …,
Sac de forqgeur de haches fric.,
Sac de forgeur de pelles frigc …,
Sac de sculpteur de baguette …,
Sac de sculpteur de bâtons f …,
Symbole de l'étrange,
Ticket de loterie,
Truite Vaseuse,
Vertu d'harmonie suprême,
Verveine \,
Vieux Trèfle à 4 feuilles,
Weischelcreme Torte,
Sac de forgeur d'épées frigo: …,
Sac de forgeur de boucliers f,
Sac de forgeur de daques fri …,
Sac de forqgeur de haches fric.,
Sac de forgeur de pelles frigc …,
Sac de sculpteur de baguette,
Sac de sculpteur de bâtons f …,
Symbole de l'étrange,
Ticket de loterie,
Truite Vaseuse,
Vertu d'harmonie suprême,
Verveine,
Vieux Trèfle à 4 feuilles,
Weischelcreme Torte,
